Geography 2 3,Age group,Reference period,Persons(1000s)
"Ottawa-Gatineau, Quebec part, Ontario/Quebec",15 years and over,2015,191.1
"Ottawa-Gatineau, Quebec part, Ontario/Quebec",15 years and over,2016,186.6
"Ottawa-Gatineau, Quebec part, Ontario/Quebec",15 years and over,2017,188.3
"Ottawa-Gatineau, Quebec part, Ontario/Quebec",15 years and over,2018,190.6
"Ottawa-Gatineau, Quebec part, Ontario/Quebec",15 years and over,2019,192.9
"Ottawa-Gatineau, Quebec part, Ontario/Quebec",15 to 24 years,2015,30.7
"Ottawa-Gatineau, Quebec part, Ontario/Quebec",15 to 24 years,2016,28.4
"Ottawa-Gatineau, Quebec part, Ontario/Quebec",15 to 24 years,2017,27.5
"Ottawa-Gatineau, Quebec part, Ontario/Quebec",15 to 24 years,2018,28
"Ottawa-Gatineau, Quebec part, Ontario/Quebec",15 to 24 years,2019,29.9
"Ottawa-Gatineau, Quebec part, Ontario/Quebec",25 years and over,2015,160.4
"Ottawa-Gatineau, Quebec part, Ontario/Quebec",25 years and over,2016,158.2
"Ottawa-Gatineau, Quebec part, Ontario/Quebec",25 years and over,2017,160.7
"Ottawa-Gatineau, Quebec part, Ontario/Quebec",25 years and over,2018,162.6
"Ottawa-Gatineau, Quebec part, Ontario/Quebec",25 years and over,2019,163
"Ottawa-Gatineau, Quebec part, Ontario/Quebec",25 to 44 years,2015,87.2
"Ottawa-Gatineau, Quebec part, Ontario/Quebec",25 to 44 years,2016,85.5
"Ottawa-Gatineau, Quebec part, Ontario/Quebec",25 to 44 years,2017,85.3
"Ottawa-Gatineau, Quebec part, Ontario/Quebec",25 to 44 years,2018,84.4
"Ottawa-Gatineau, Quebec part, Ontario/Quebec",25 to 44 years,2019,87.2
"Ottawa-Gatineau, Quebec part, Ontario/Quebec",45 years and over,2015,73.2
"Ottawa-Gatineau, Quebec part, Ontario/Quebec",45 years and over,2016,72.7
"Ottawa-Gatineau, Quebec part, Ontario/Quebec",45 years and over,2017,75.4
"Ottawa-Gatineau, Quebec part, Ontario/Quebec",45 years and over,2018,78.1
"Ottawa-Gatineau, Quebec part, Ontario/Quebec",45 years and over,2019,75.8
"Ottawa-Gatineau, Quebec part, Ontario/Quebec",25 to 54 years,2015,131.1
"Ottawa-Gatineau, Quebec part, Ontario/Quebec",25 to 54 years,2016,131.9
"Ottawa-Gatineau, Quebec part, Ontario/Quebec",25 to 54 years,2017,128.5
"Ottawa-Gatineau, Quebec part, Ontario/Quebec",25 to 54 years,2018,125.9
"Ottawa-Gatineau, Quebec part, Ontario/Quebec",25 to 54 years,2019,131.2
"Ottawa-Gatineau, Quebec part, Ontario/Quebec",55 years and over,2015,29.3
"Ottawa-Gatineau, Quebec part, Ontario/Quebec",55 years and over,2016,26.3
"Ottawa-Gatineau, Quebec part, Ontario/Quebec",55 years and over,2017,32.3
"Ottawa-Gatineau, Quebec part, Ontario/Quebec",55 years and over,2018,36.6
"Ottawa-Gatineau, Quebec part, Ontario/Quebec",55 years and over,2019,31.8
"Ottawa-Gatineau, Quebec part, Ontario/Quebec",55 to 64 years,2015,25.7
"Ottawa-Gatineau, Quebec part, Ontario/Quebec",55 to 64 years,2016,22.8
"Ottawa-Gatineau, Quebec part, Ontario/Quebec",55 to 64 years,2017,27
"Ottawa-Gatineau, Quebec part, Ontario/Quebec",55 to 64 years,2018,30.9
"Ottawa-Gatineau, Quebec part, Ontario/Quebec",55 to 64 years,2019,26.5
"Ottawa-Gatineau, Quebec part, Ontario/Quebec",65 years and over,2015,3.7
"Ottawa-Gatineau, Quebec part, Ontario/Quebec",65 years and over,2016,3.6
"Ottawa-Gatineau, Quebec part, Ontario/Quebec",65 years and over,2017,5.3
"Ottawa-Gatineau, Quebec part, Ontario/Quebec",65 years and over,2018,5.7
"Ottawa-Gatineau, Quebec part, Ontario/Quebec",65 years and over,2019,5.3
"Ottawa-Gatineau, Ontario part, Ontario/Quebec",15 years and over,2015,564
"Ottawa-Gatineau, Ontario part, Ontario/Quebec",15 years and over,2016,579.3
"Ottawa-Gatineau, Ontario part, Ontario/Quebec",15 years and over,2017,580.6
"Ottawa-Gatineau, Ontario part, Ontario/Quebec",15 years and over,2018,586.1
"Ottawa-Gatineau, Ontario part, Ontario/Quebec",15 years and over,2019,617.7
"Ottawa-Gatineau, Ontario part, Ontario/Quebec",15 to 24 years,2015,86.8
"Ottawa-Gatineau, Ontario part, Ontario/Quebec",15 to 24 years,2016,88.6
"Ottawa-Gatineau, Ontario part, Ontario/Quebec",15 to 24 years,2017,85.3
"Ottawa-Gatineau, Ontario part, Ontario/Quebec",15 to 24 years,2018,91.5
"Ottawa-Gatineau, Ontario part, Ontario/Quebec",15 to 24 years,2019,89.7
"Ottawa-Gatineau, Ontario part, Ontario/Quebec",25 years and over,2015,477.1
"Ottawa-Gatineau, Ontario part, Ontario/Quebec",25 years and over,2016,490.7
"Ottawa-Gatineau, Ontario part, Ontario/Quebec",25 years and over,2017,495.3
"Ottawa-Gatineau, Ontario part, Ontario/Quebec",25 years and over,2018,494.5
"Ottawa-Gatineau, Ontario part, Ontario/Quebec",25 years and over,2019,528
"Ottawa-Gatineau, Ontario part, Ontario/Quebec",25 to 44 years,2015,259.1
"Ottawa-Gatineau, Ontario part, Ontario/Quebec",25 to 44 years,2016,255.4
"Ottawa-Gatineau, Ontario part, Ontario/Quebec",25 to 44 years,2017,245.8
"Ottawa-Gatineau, Ontario part, Ontario/Quebec",25 to 44 years,2018,256.7
"Ottawa-Gatineau, Ontario part, Ontario/Quebec",25 to 44 years,2019,276.5
"Ottawa-Gatineau, Ontario part, Ontario/Quebec",45 years and over,2015,218
"Ottawa-Gatineau, Ontario part, Ontario/Quebec",45 years and over,2016,235.2
"Ottawa-Gatineau, Ontario part, Ontario/Quebec",45 years and over,2017,249.4
"Ottawa-Gatineau, Ontario part, Ontario/Quebec",45 years and over,2018,237.8
"Ottawa-Gatineau, Ontario part, Ontario/Quebec",45 years and over,2019,251.5
"Ottawa-Gatineau, Ontario part, Ontario/Quebec",25 to 54 years,2015,384.5
"Ottawa-Gatineau, Ontario part, Ontario/Quebec",25 to 54 years,2016,380.7
"Ottawa-Gatineau, Ontario part, Ontario/Quebec",25 to 54 years,2017,384.6
"Ottawa-Gatineau, Ontario part, Ontario/Quebec",25 to 54 years,2018,384.3
"Ottawa-Gatineau, Ontario part, Ontario/Quebec",25 to 54 years,2019,406.9
"Ottawa-Gatineau, Ontario part, Ontario/Quebec",55 years and over,2015,92.6
"Ottawa-Gatineau, Ontario part, Ontario/Quebec",55 years and over,2016,110
"Ottawa-Gatineau, Ontario part, Ontario/Quebec",55 years and over,2017,110.7
"Ottawa-Gatineau, Ontario part, Ontario/Quebec",55 years and over,2018,110.3
"Ottawa-Gatineau, Ontario part, Ontario/Quebec",55 years and over,2019,121
"Ottawa-Gatineau, Ontario part, Ontario/Quebec",55 to 64 years,2015,72.8
"Ottawa-Gatineau, Ontario part, Ontario/Quebec",55 to 64 years,2016,89.1
"Ottawa-Gatineau, Ontario part, Ontario/Quebec",55 to 64 years,2017,89.7
"Ottawa-Gatineau, Ontario part, Ontario/Quebec",55 to 64 years,2018,92.1
"Ottawa-Gatineau, Ontario part, Ontario/Quebec",55 to 64 years,2019,94.4
"Ottawa-Gatineau, Ontario part, Ontario/Quebec",65 years and over,2015,19.7
"Ottawa-Gatineau, Ontario part, Ontario/Quebec",65 years and over,2016,20.9
"Ottawa-Gatineau, Ontario part, Ontario/Quebec",65 years and over,2017,21
"Ottawa-Gatineau, Ontario part, Ontario/Quebec",65 years and over,2018,18.1
"Ottawa-Gatineau, Ontario part, Ontario/Quebec",65 years and over,2019,26.6
"Kingston, Ontario",15 years and over,2015,85.2
"Kingston, Ontario",15 years and over,2016,85.2
"Kingston, Ontario",15 years and over,2017,89
"Kingston, Ontario",15 years and over,2018,87.9
"Kingston, Ontario",15 years and over,2019,88.5
"Kingston, Ontario",15 to 24 years,2015,13.6
"Kingston, Ontario",15 to 24 years,2016,12.9
"Kingston, Ontario",15 to 24 years,2017,13.9
"Kingston, Ontario",15 to 24 years,2018,14.3
"Kingston, Ontario",15 to 24 years,2019,14
"Kingston, Ontario",25 years and over,2015,71.6
"Kingston, Ontario",25 years and over,2016,72.3
"Kingston, Ontario",25 years and over,2017,75.1
"Kingston, Ontario",25 years and over,2018,73.6
"Kingston, Ontario",25 years and over,2019,74.5
"Kingston, Ontario",25 to 44 years,2015,34.2
"Kingston, Ontario",25 to 44 years,2016,33.5
"Kingston, Ontario",25 to 44 years,2017,37.2
"Kingston, Ontario",25 to 44 years,2018,34.4
"Kingston, Ontario",25 to 44 years,2019,37.2
"Kingston, Ontario",45 years and over,2015,37.5
"Kingston, Ontario",45 years and over,2016,38.8
"Kingston, Ontario",45 years and over,2017,37.9
"Kingston, Ontario",45 years and over,2018,39.1
"Kingston, Ontario",45 years and over,2019,37.4
"Kingston, Ontario",25 to 54 years,2015,52.8
"Kingston, Ontario",25 to 54 years,2016,53.8
"Kingston, Ontario",25 to 54 years,2017,55.2
"Kingston, Ontario",25 to 54 years,2018,52.2
"Kingston, Ontario",25 to 54 years,2019,53.8
"Kingston, Ontario",55 years and over,2015,18.9
"Kingston, Ontario",55 years and over,2016,18.5
"Kingston, Ontario",55 years and over,2017,19.9
"Kingston, Ontario",55 years and over,2018,21.4
"Kingston, Ontario",55 years and over,2019,20.7
"Kingston, Ontario",55 to 64 years,2015,15
"Kingston, Ontario",55 to 64 years,2016,14.1
"Kingston, Ontario",55 to 64 years,2017,16
"Kingston, Ontario",55 to 64 years,2018,15.8
"Kingston, Ontario",55 to 64 years,2019,15.5
"Kingston, Ontario",65 years and over,2015,3.8
"Kingston, Ontario",65 years and over,2016,4.4
"Kingston, Ontario",65 years and over,2017,3.9
"Kingston, Ontario",65 years and over,2018,5.6
"Kingston, Ontario",65 years and over,2019,5.2
"Belleville, Ontario",15 years and over,2015,34.7
"Belleville, Ontario",15 years and over,2016,37.2
"Belleville, Ontario",15 years and over,2017,44.6
"Belleville, Ontario",15 years and over,2018,43
"Belleville, Ontario",15 years and over,2019,56
"Belleville, Ontario",15 to 24 years,2015,5.2
"Belleville, Ontario",15 to 24 years,2016,5.5
"Belleville, Ontario",15 to 24 years,2017,5.7
"Belleville, Ontario",15 to 24 years,2018,8.2
"Belleville, Ontario",15 to 24 years,2019,4.9
"Belleville, Ontario",25 years and over,2015,29.4
"Belleville, Ontario",25 years and over,2016,31.7
"Belleville, Ontario",25 years and over,2017,38.9
"Belleville, Ontario",25 years and over,2018,34.8
"Belleville, Ontario",25 years and over,2019,51.1
"Belleville, Ontario",25 to 44 years,2015,15.9
"Belleville, Ontario",25 to 44 years,2016,17.6
"Belleville, Ontario",25 to 44 years,2017,20.2
"Belleville, Ontario",25 to 44 years,2018,17.2
"Belleville, Ontario",25 to 44 years,2019,21.2
"Belleville, Ontario",45 years and over,2015,13.5
"Belleville, Ontario",45 years and over,2016,14.1
"Belleville, Ontario",45 years and over,2017,18.7
"Belleville, Ontario",45 years and over,2018,17.6
"Belleville, Ontario",45 years and over,2019,29.9
"Belleville, Ontario",25 to 54 years,2015,21.5
"Belleville, Ontario",25 to 54 years,2016,25.3
"Belleville, Ontario",25 to 54 years,2017,28.3
"Belleville, Ontario",25 to 54 years,2018,23.1
"Belleville, Ontario",25 to 54 years,2019,31.4
"Belleville, Ontario",55 years and over,2015,8
"Belleville, Ontario",55 years and over,2016,6.5
"Belleville, Ontario",55 years and over,2017,10.7
"Belleville, Ontario",55 years and over,2018,11.7
"Belleville, Ontario",55 years and over,2019,19.7
"Belleville, Ontario",55 to 64 years,2015,5.8
"Belleville, Ontario",55 to 64 years,2016,4.8
"Belleville, Ontario",55 to 64 years,2017,7.7
"Belleville, Ontario",55 to 64 years,2018,8
"Belleville, Ontario",55 to 64 years,2019,17.3
"Belleville, Ontario",65 years and over,2015,2.2
"Belleville, Ontario",65 years and over,2016,1.7
"Belleville, Ontario",65 years and over,2017,3
"Belleville, Ontario",65 years and over,2018,3.8
"Belleville, Ontario",65 years and over,2019,2.4
"Peterborough, Ontario 5",15 years and over,2015,64.8
"Peterborough, Ontario 5",15 years and over,2016,61.7
"Peterborough, Ontario 5",15 years and over,2017,65.6
"Peterborough, Ontario 5",15 years and over,2018,68
"Peterborough, Ontario 5",15 years and over,2019,66.1
"Peterborough, Ontario 5",15 to 24 years,2015,11.7
"Peterborough, Ontario 5",15 to 24 years,2016,9.2
"Peterborough, Ontario 5",15 to 24 years,2017,11.6
"Peterborough, Ontario 5",15 to 24 years,2018,12.3
"Peterborough, Ontario 5",15 to 24 years,2019,10.7
"Peterborough, Ontario 5",25 years and over,2015,53
"Peterborough, Ontario 5",25 years and over,2016,52.5
"Peterborough, Ontario 5",25 years and over,2017,54
"Peterborough, Ontario 5",25 years and over,2018,55.8
"Peterborough, Ontario 5",25 years and over,2019,55.3
"Peterborough, Ontario 5",25 to 44 years,2015,24.5
"Peterborough, Ontario 5",25 to 44 years,2016,24.6
"Peterborough, Ontario 5",25 to 44 years,2017,28.1
"Peterborough, Ontario 5",25 to 44 years,2018,26.2
"Peterborough, Ontario 5",25 to 44 years,2019,25.5
"Peterborough, Ontario 5",45 years and over,2015,28.5
"Peterborough, Ontario 5",45 years and over,2016,27.9
"Peterborough, Ontario 5",45 years and over,2017,25.9
"Peterborough, Ontario 5",45 years and over,2018,29.6
"Peterborough, Ontario 5",45 years and over,2019,29.9
"Peterborough, Ontario 5",25 to 54 years,2015,41.2
"Peterborough, Ontario 5",25 to 54 years,2016,39
"Peterborough, Ontario 5",25 to 54 years,2017,40.5
"Peterborough, Ontario 5",25 to 54 years,2018,40.6
"Peterborough, Ontario 5",25 to 54 years,2019,38.9
"Peterborough, Ontario 5",55 years and over,2015,11.9
"Peterborough, Ontario 5",55 years and over,2016,13.6
"Peterborough, Ontario 5",55 years and over,2017,13.4
"Peterborough, Ontario 5",55 years and over,2018,15.2
"Peterborough, Ontario 5",55 years and over,2019,16.4
"Peterborough, Ontario 5",55 to 64 years,2015,9.6
"Peterborough, Ontario 5",55 to 64 years,2016,10.3
"Peterborough, Ontario 5",55 to 64 years,2017,9.6
"Peterborough, Ontario 5",55 to 64 years,2018,11.8
"Peterborough, Ontario 5",55 to 64 years,2019,12.8
"Peterborough, Ontario 5",65 years and over,2015,2.2
"Peterborough, Ontario 5",65 years and over,2016,3.3
"Peterborough, Ontario 5",65 years and over,2017,3.8
"Peterborough, Ontario 5",65 years and over,2018,3.4
"Peterborough, Ontario 5",65 years and over,2019,3.6
"Oshawa, Ontario",15 years and over,2015,207.1
"Oshawa, Ontario",15 years and over,2016,221.4
"Oshawa, Ontario",15 years and over,2017,216.8
"Oshawa, Ontario",15 years and over,2018,226.5
"Oshawa, Ontario",15 years and over,2019,225.3
"Oshawa, Ontario",15 to 24 years,2015,31.3
"Oshawa, Ontario",15 to 24 years,2016,35.4
"Oshawa, Ontario",15 to 24 years,2017,31.3
"Oshawa, Ontario",15 to 24 years,2018,37.9
"Oshawa, Ontario",15 to 24 years,2019,33.2
"Oshawa, Ontario",25 years and over,2015,175.8
"Oshawa, Ontario",25 years and over,2016,186.1
"Oshawa, Ontario",25 years and over,2017,185.5
"Oshawa, Ontario",25 years and over,2018,188.6
"Oshawa, Ontario",25 years and over,2019,192.1
"Oshawa, Ontario",25 to 44 years,2015,85.5
"Oshawa, Ontario",25 to 44 years,2016,93
"Oshawa, Ontario",25 to 44 years,2017,92
"Oshawa, Ontario",25 to 44 years,2018,97.4
"Oshawa, Ontario",25 to 44 years,2019,95.4
"Oshawa, Ontario",45 years and over,2015,90.2
"Oshawa, Ontario",45 years and over,2016,93.1
"Oshawa, Ontario",45 years and over,2017,93.6
"Oshawa, Ontario",45 years and over,2018,91.2
"Oshawa, Ontario",45 years and over,2019,96.7
"Oshawa, Ontario",25 to 54 years,2015,138.4
"Oshawa, Ontario",25 to 54 years,2016,146.3
"Oshawa, Ontario",25 to 54 years,2017,141.6
"Oshawa, Ontario",25 to 54 years,2018,148.3
"Oshawa, Ontario",25 to 54 years,2019,145
"Oshawa, Ontario",55 years and over,2015,37.4
"Oshawa, Ontario",55 years and over,2016,39.8
"Oshawa, Ontario",55 years and over,2017,43.9
"Oshawa, Ontario",55 years and over,2018,40.3
"Oshawa, Ontario",55 years and over,2019,47.1
"Oshawa, Ontario",55 to 64 years,2015,31.8
"Oshawa, Ontario",55 to 64 years,2016,32.7
"Oshawa, Ontario",55 to 64 years,2017,34.8
"Oshawa, Ontario",55 to 64 years,2018,33
"Oshawa, Ontario",55 to 64 years,2019,36.9
"Oshawa, Ontario",65 years and over,2015,5.7
"Oshawa, Ontario",65 years and over,2016,7.1
"Oshawa, Ontario",65 years and over,2017,9.1
"Oshawa, Ontario",65 years and over,2018,7.3
"Oshawa, Ontario",65 years and over,2019,10.2
"Toronto, Ontario",15 years and over,2015,"3,350.80"
"Toronto, Ontario",15 years and over,2016,"3,377.30"
"Toronto, Ontario",15 years and over,2017,"3,430.60"
"Toronto, Ontario",15 years and over,2018,"3,476.60"
"Toronto, Ontario",15 years and over,2019,"3,603.60"
"Toronto, Ontario",15 to 24 years,2015,454.9
"Toronto, Ontario",15 to 24 years,2016,447.1
"Toronto, Ontario",15 to 24 years,2017,479.6
"Toronto, Ontario",15 to 24 years,2018,462.1
"Toronto, Ontario",15 to 24 years,2019,499.3
"Toronto, Ontario",25 years and over,2015,"2,895.90"
"Toronto, Ontario",25 years and over,2016,"2,930.20"
"Toronto, Ontario",25 years and over,2017,"2,951.00"
"Toronto, Ontario",25 years and over,2018,"3,014.50"
"Toronto, Ontario",25 years and over,2019,"3,104.30"
"Toronto, Ontario",25 to 44 years,2015,"1,461.20"
"Toronto, Ontario",25 to 44 years,2016,"1,482.40"
"Toronto, Ontario",25 to 44 years,2017,"1,492.40"
"Toronto, Ontario",25 to 44 years,2018,"1,548.70"
"Toronto, Ontario",25 to 44 years,2019,"1,614.90"
"Toronto, Ontario",45 years and over,2015,"1,434.70"
"Toronto, Ontario",45 years and over,2016,"1,447.80"
"Toronto, Ontario",45 years and over,2017,"1,458.60"
"Toronto, Ontario",45 years and over,2018,"1,465.90"
"Toronto, Ontario",45 years and over,2019,"1,489.30"
"Toronto, Ontario",25 to 54 years,2015,"2,243.60"
"Toronto, Ontario",25 to 54 years,2016,"2,251.90"
"Toronto, Ontario",25 to 54 years,2017,"2,271.00"
"Toronto, Ontario",25 to 54 years,2018,"2,324.60"
"Toronto, Ontario",25 to 54 years,2019,"2,372.80"
"Toronto, Ontario",55 years and over,2015,652.3
"Toronto, Ontario",55 years and over,2016,678.3
"Toronto, Ontario",55 years and over,2017,679.9
"Toronto, Ontario",55 years and over,2018,689.9
"Toronto, Ontario",55 years and over,2019,731.4
"Toronto, Ontario",55 to 64 years,2015,524.2
"Toronto, Ontario",55 to 64 years,2016,550.1
"Toronto, Ontario",55 to 64 years,2017,539.1
"Toronto, Ontario",55 to 64 years,2018,560
"Toronto, Ontario",55 to 64 years,2019,584.1
"Toronto, Ontario",65 years and over,2015,128.1
"Toronto, Ontario",65 years and over,2016,128.1
"Toronto, Ontario",65 years and over,2017,140.9
"Toronto, Ontario",65 years and over,2018,129.9
"Toronto, Ontario",65 years and over,2019,147.4
"Hamilton, Ontario",15 years and over,2015,399.4
"Hamilton, Ontario",15 years and over,2016,402.3
"Hamilton, Ontario",15 years and over,2017,429.9
"Hamilton, Ontario",15 years and over,2018,424.2
"Hamilton, Ontario",15 years and over,2019,430
"Hamilton, Ontario",15 to 24 years,2015,62.6
"Hamilton, Ontario",15 to 24 years,2016,59.2
"Hamilton, Ontario",15 to 24 years,2017,66
"Hamilton, Ontario",15 to 24 years,2018,72.4
"Hamilton, Ontario",15 to 24 years,2019,62.5
"Hamilton, Ontario",25 years and over,2015,336.8
"Hamilton, Ontario",25 years and over,2016,343.1
"Hamilton, Ontario",25 years and over,2017,363.9
"Hamilton, Ontario",25 years and over,2018,351.8
"Hamilton, Ontario",25 years and over,2019,367.5
"Hamilton, Ontario",25 to 44 years,2015,163.3
"Hamilton, Ontario",25 to 44 years,2016,170.4
"Hamilton, Ontario",25 to 44 years,2017,184
"Hamilton, Ontario",25 to 44 years,2018,172.5
"Hamilton, Ontario",25 to 44 years,2019,184.4
"Hamilton, Ontario",45 years and over,2015,173.6
"Hamilton, Ontario",45 years and over,2016,172.7
"Hamilton, Ontario",45 years and over,2017,179.9
"Hamilton, Ontario",45 years and over,2018,179.2
"Hamilton, Ontario",45 years and over,2019,183.1
"Hamilton, Ontario",25 to 54 years,2015,257.2
"Hamilton, Ontario",25 to 54 years,2016,267.6
"Hamilton, Ontario",25 to 54 years,2017,281.2
"Hamilton, Ontario",25 to 54 years,2018,264.3
"Hamilton, Ontario",25 to 54 years,2019,280.5
"Hamilton, Ontario",55 years and over,2015,79.6
"Hamilton, Ontario",55 years and over,2016,75.5
"Hamilton, Ontario",55 years and over,2017,82.6
"Hamilton, Ontario",55 years and over,2018,87.5
"Hamilton, Ontario",55 years and over,2019,87
"Hamilton, Ontario",55 to 64 years,2015,62.1
"Hamilton, Ontario",55 to 64 years,2016,58.7
"Hamilton, Ontario",55 to 64 years,2017,67.9
"Hamilton, Ontario",55 to 64 years,2018,69.3
"Hamilton, Ontario",55 to 64 years,2019,70.7
"Hamilton, Ontario",65 years and over,2015,17.5
"Hamilton, Ontario",65 years and over,2016,16.8
"Hamilton, Ontario",65 years and over,2017,14.8
"Hamilton, Ontario",65 years and over,2018,18.2
"Hamilton, Ontario",65 years and over,2019,16.3
"St. Catharines-Niagara, Ontario",15 years and over,2015,219.8
"St. Catharines-Niagara, Ontario",15 years and over,2016,220.9
"St. Catharines-Niagara, Ontario",15 years and over,2017,215.2
"St. Catharines-Niagara, Ontario",15 years and over,2018,220.4
"St. Catharines-Niagara, Ontario",15 years and over,2019,216.9
"St. Catharines-Niagara, Ontario",15 to 24 years,2015,37.9
"St. Catharines-Niagara, Ontario",15 to 24 years,2016,38.6
"St. Catharines-Niagara, Ontario",15 to 24 years,2017,32.9
"St. Catharines-Niagara, Ontario",15 to 24 years,2018,36.6
"St. Catharines-Niagara, Ontario",15 to 24 years,2019,35.7
"St. Catharines-Niagara, Ontario",25 years and over,2015,181.9
"St. Catharines-Niagara, Ontario",25 years and over,2016,182.2
"St. Catharines-Niagara, Ontario",25 years and over,2017,182.2
"St. Catharines-Niagara, Ontario",25 years and over,2018,183.8
"St. Catharines-Niagara, Ontario",25 years and over,2019,181.2
"St. Catharines-Niagara, Ontario",25 to 44 years,2015,86.6
"St. Catharines-Niagara, Ontario",25 to 44 years,2016,85.6
"St. Catharines-Niagara, Ontario",25 to 44 years,2017,86.5
"St. Catharines-Niagara, Ontario",25 to 44 years,2018,84.4
"St. Catharines-Niagara, Ontario",25 to 44 years,2019,83.3
"St. Catharines-Niagara, Ontario",45 years and over,2015,95.3
"St. Catharines-Niagara, Ontario",45 years and over,2016,96.6
"St. Catharines-Niagara, Ontario",45 years and over,2017,95.7
"St. Catharines-Niagara, Ontario",45 years and over,2018,99.4
"St. Catharines-Niagara, Ontario",45 years and over,2019,97.9
"St. Catharines-Niagara, Ontario",25 to 54 years,2015,136.2
"St. Catharines-Niagara, Ontario",25 to 54 years,2016,134.4
"St. Catharines-Niagara, Ontario",25 to 54 years,2017,132.1
"St. Catharines-Niagara, Ontario",25 to 54 years,2018,126.7
"St. Catharines-Niagara, Ontario",25 to 54 years,2019,126.4
"St. Catharines-Niagara, Ontario",55 years and over,2015,45.7
"St. Catharines-Niagara, Ontario",55 years and over,2016,47.8
"St. Catharines-Niagara, Ontario",55 years and over,2017,50.2
"St. Catharines-Niagara, Ontario",55 years and over,2018,57.1
"St. Catharines-Niagara, Ontario",55 years and over,2019,54.8
"St. Catharines-Niagara, Ontario",55 to 64 years,2015,35.2
"St. Catharines-Niagara, Ontario",55 to 64 years,2016,36.9
"St. Catharines-Niagara, Ontario",55 to 64 years,2017,38.9
"St. Catharines-Niagara, Ontario",55 to 64 years,2018,44.5
"St. Catharines-Niagara, Ontario",55 to 64 years,2019,41.7
"St. Catharines-Niagara, Ontario",65 years and over,2015,10.5
"St. Catharines-Niagara, Ontario",65 years and over,2016,10.9
"St. Catharines-Niagara, Ontario",65 years and over,2017,11.2
"St. Catharines-Niagara, Ontario",65 years and over,2018,12.6
"St. Catharines-Niagara, Ontario",65 years and over,2019,13.1
"Kitchener-Cambridge-Waterloo, Ontario",15 years and over,2015,305.7
"Kitchener-Cambridge-Waterloo, Ontario",15 years and over,2016,309.1
"Kitchener-Cambridge-Waterloo, Ontario",15 years and over,2017,318.1
"Kitchener-Cambridge-Waterloo, Ontario",15 years and over,2018,326.2
"Kitchener-Cambridge-Waterloo, Ontario",15 years and over,2019,340.7
"Kitchener-Cambridge-Waterloo, Ontario",15 to 24 years,2015,52.7
"Kitchener-Cambridge-Waterloo, Ontario",15 to 24 years,2016,48
"Kitchener-Cambridge-Waterloo, Ontario",15 to 24 years,2017,51.9
"Kitchener-Cambridge-Waterloo, Ontario",15 to 24 years,2018,51.7
"Kitchener-Cambridge-Waterloo, Ontario",15 to 24 years,2019,53.8
"Kitchener-Cambridge-Waterloo, Ontario",25 years and over,2015,253
"Kitchener-Cambridge-Waterloo, Ontario",25 years and over,2016,261.1
"Kitchener-Cambridge-Waterloo, Ontario",25 years and over,2017,266.2
"Kitchener-Cambridge-Waterloo, Ontario",25 years and over,2018,274.5
"Kitchener-Cambridge-Waterloo, Ontario",25 years and over,2019,286.9
"Kitchener-Cambridge-Waterloo, Ontario",25 to 44 years,2015,133.9
"Kitchener-Cambridge-Waterloo, Ontario",25 to 44 years,2016,134
"Kitchener-Cambridge-Waterloo, Ontario",25 to 44 years,2017,136.6
"Kitchener-Cambridge-Waterloo, Ontario",25 to 44 years,2018,144.8
"Kitchener-Cambridge-Waterloo, Ontario",25 to 44 years,2019,149.3
"Kitchener-Cambridge-Waterloo, Ontario",45 years and over,2015,119.1
"Kitchener-Cambridge-Waterloo, Ontario",45 years and over,2016,127
"Kitchener-Cambridge-Waterloo, Ontario",45 years and over,2017,129.5
"Kitchener-Cambridge-Waterloo, Ontario",45 years and over,2018,129.7
"Kitchener-Cambridge-Waterloo, Ontario",45 years and over,2019,137.6
"Kitchener-Cambridge-Waterloo, Ontario",25 to 54 years,2015,208.1
"Kitchener-Cambridge-Waterloo, Ontario",25 to 54 years,2016,206.6
"Kitchener-Cambridge-Waterloo, Ontario",25 to 54 years,2017,210.9
"Kitchener-Cambridge-Waterloo, Ontario",25 to 54 years,2018,217.7
"Kitchener-Cambridge-Waterloo, Ontario",25 to 54 years,2019,222.3
"Kitchener-Cambridge-Waterloo, Ontario",55 years and over,2015,45
"Kitchener-Cambridge-Waterloo, Ontario",55 years and over,2016,54.5
"Kitchener-Cambridge-Waterloo, Ontario",55 years and over,2017,55.3
"Kitchener-Cambridge-Waterloo, Ontario",55 years and over,2018,56.9
"Kitchener-Cambridge-Waterloo, Ontario",55 years and over,2019,64.6
"Kitchener-Cambridge-Waterloo, Ontario",55 to 64 years,2015,36
"Kitchener-Cambridge-Waterloo, Ontario",55 to 64 years,2016,44.2
"Kitchener-Cambridge-Waterloo, Ontario",55 to 64 years,2017,46.3
"Kitchener-Cambridge-Waterloo, Ontario",55 to 64 years,2018,46.9
"Kitchener-Cambridge-Waterloo, Ontario",55 to 64 years,2019,51.9
"Kitchener-Cambridge-Waterloo, Ontario",65 years and over,2015,9
"Kitchener-Cambridge-Waterloo, Ontario",65 years and over,2016,10.3
"Kitchener-Cambridge-Waterloo, Ontario",65 years and over,2017,9
"Kitchener-Cambridge-Waterloo, Ontario",65 years and over,2018,9.9
"Kitchener-Cambridge-Waterloo, Ontario",65 years and over,2019,12.7
"Brantford, Ontario",15 years and over,2015,73.2
"Brantford, Ontario",15 years and over,2016,74.4
"Brantford, Ontario",15 years and over,2017,75.6
"Brantford, Ontario",15 years and over,2018,74.3
"Brantford, Ontario",15 years and over,2019,81.6
"Brantford, Ontario",15 to 24 years,2015,10.3
"Brantford, Ontario",15 to 24 years,2016,12.5
"Brantford, Ontario",15 to 24 years,2017,10.8
"Brantford, Ontario",15 to 24 years,2018,13.2
"Brantford, Ontario",15 to 24 years,2019,13.6
"Brantford, Ontario",25 years and over,2015,62.9
"Brantford, Ontario",25 years and over,2016,62
"Brantford, Ontario",25 years and over,2017,64.8
"Brantford, Ontario",25 years and over,2018,61.1
"Brantford, Ontario",25 years and over,2019,67.9
"Brantford, Ontario",25 to 44 years,2015,30.4
"Brantford, Ontario",25 to 44 years,2016,28.9
"Brantford, Ontario",25 to 44 years,2017,33.8
"Brantford, Ontario",25 to 44 years,2018,31.8
"Brantford, Ontario",25 to 44 years,2019,37.3
"Brantford, Ontario",45 years and over,2015,32.6
"Brantford, Ontario",45 years and over,2016,33
"Brantford, Ontario",45 years and over,2017,31
"Brantford, Ontario",45 years and over,2018,29.3
"Brantford, Ontario",45 years and over,2019,30.6
"Brantford, Ontario",25 to 54 years,2015,47.9
"Brantford, Ontario",25 to 54 years,2016,46.6
"Brantford, Ontario",25 to 54 years,2017,50.1
"Brantford, Ontario",25 to 54 years,2018,48.1
"Brantford, Ontario",25 to 54 years,2019,52.9
"Brantford, Ontario",55 years and over,2015,15
"Brantford, Ontario",55 years and over,2016,15.4
"Brantford, Ontario",55 years and over,2017,14.7
"Brantford, Ontario",55 years and over,2018,13
"Brantford, Ontario",55 years and over,2019,15
"Brantford, Ontario",55 to 64 years,2015,11.2
"Brantford, Ontario",55 to 64 years,2016,12.7
"Brantford, Ontario",55 to 64 years,2017,12.3
"Brantford, Ontario",55 to 64 years,2018,9.9
"Brantford, Ontario",55 to 64 years,2019,12
"Brantford, Ontario",65 years and over,2015,3.8
"Brantford, Ontario",65 years and over,2016,2.6
"Brantford, Ontario",65 years and over,2017,2.4
"Brantford, Ontario",65 years and over,2018,3.1
"Brantford, Ontario",65 years and over,2019,3.1
"Guelph, Ontario",15 years and over,2015,93.1
"Guelph, Ontario",15 years and over,2016,94.7
"Guelph, Ontario",15 years and over,2017,95.7
"Guelph, Ontario",15 years and over,2018,91.7
"Guelph, Ontario",15 years and over,2019,95.7
"Guelph, Ontario",15 to 24 years,2015,13.4
"Guelph, Ontario",15 to 24 years,2016,15.3
"Guelph, Ontario",15 to 24 years,2017,16.3
"Guelph, Ontario",15 to 24 years,2018,14.8
"Guelph, Ontario",15 to 24 years,2019,16.4
"Guelph, Ontario",25 years and over,2015,79.7
"Guelph, Ontario",25 years and over,2016,79.4
"Guelph, Ontario",25 years and over,2017,79.4
"Guelph, Ontario",25 years and over,2018,77
"Guelph, Ontario",25 years and over,2019,79.3
"Guelph, Ontario",25 to 44 years,2015,47.2
"Guelph, Ontario",25 to 44 years,2016,45.1
"Guelph, Ontario",25 to 44 years,2017,43.7
"Guelph, Ontario",25 to 44 years,2018,40.8
"Guelph, Ontario",25 to 44 years,2019,41.6
"Guelph, Ontario",45 years and over,2015,32.5
"Guelph, Ontario",45 years and over,2016,34.3
"Guelph, Ontario",45 years and over,2017,35.7
"Guelph, Ontario",45 years and over,2018,36.2
"Guelph, Ontario",45 years and over,2019,37.7
"Guelph, Ontario",25 to 54 years,2015,64.5
"Guelph, Ontario",25 to 54 years,2016,63.8
"Guelph, Ontario",25 to 54 years,2017,62.7
"Guelph, Ontario",25 to 54 years,2018,58.9
"Guelph, Ontario",25 to 54 years,2019,63.5
"Guelph, Ontario",55 years and over,2015,15.3
"Guelph, Ontario",55 years and over,2016,15.6
"Guelph, Ontario",55 years and over,2017,16.6
"Guelph, Ontario",55 years and over,2018,18
"Guelph, Ontario",55 years and over,2019,15.9
"Guelph, Ontario",55 to 64 years,2015,11.7
"Guelph, Ontario",55 to 64 years,2016,13.3
"Guelph, Ontario",55 to 64 years,2017,14.1
"Guelph, Ontario",55 to 64 years,2018,14.4
"Guelph, Ontario",55 to 64 years,2019,11.8
"Guelph, Ontario",65 years and over,2015,3.6
"Guelph, Ontario",65 years and over,2016,2.4
"Guelph, Ontario",65 years and over,2017,2.5
"Guelph, Ontario",65 years and over,2018,3.6
"Guelph, Ontario",65 years and over,2019,4.1
"London, Ontario",15 years and over,2015,264.5
"London, Ontario",15 years and over,2016,261.1
"London, Ontario",15 years and over,2017,260
"London, Ontario",15 years and over,2018,269.2
"London, Ontario",15 years and over,2019,268.7
"London, Ontario",15 to 24 years,2015,44.1
"London, Ontario",15 to 24 years,2016,39.1
"London, Ontario",15 to 24 years,2017,39.5
"London, Ontario",15 to 24 years,2018,44.7
"London, Ontario",15 to 24 years,2019,39.4
"London, Ontario",25 years and over,2015,220.5
"London, Ontario",25 years and over,2016,222
"London, Ontario",25 years and over,2017,220.5
"London, Ontario",25 years and over,2018,224.4
"London, Ontario",25 years and over,2019,229.3
"London, Ontario",25 to 44 years,2015,108.5
"London, Ontario",25 to 44 years,2016,106.2
"London, Ontario",25 to 44 years,2017,106.4
"London, Ontario",25 to 44 years,2018,114.6
"London, Ontario",25 to 44 years,2019,110.3
"London, Ontario",45 years and over,2015,111.9
"London, Ontario",45 years and over,2016,115.8
"London, Ontario",45 years and over,2017,114.1
"London, Ontario",45 years and over,2018,109.8
"London, Ontario",45 years and over,2019,119.1
"London, Ontario",25 to 54 years,2015,166.8
"London, Ontario",25 to 54 years,2016,165.9
"London, Ontario",25 to 54 years,2017,162.5
"London, Ontario",25 to 54 years,2018,170.6
"London, Ontario",25 to 54 years,2019,168.5
"London, Ontario",55 years and over,2015,53.6
"London, Ontario",55 years and over,2016,56
"London, Ontario",55 years and over,2017,58
"London, Ontario",55 years and over,2018,53.9
"London, Ontario",55 years and over,2019,60.9
"London, Ontario",55 to 64 years,2015,43.6
"London, Ontario",55 to 64 years,2016,44.1
"London, Ontario",55 to 64 years,2017,45.8
"London, Ontario",55 to 64 years,2018,42.3
"London, Ontario",55 to 64 years,2019,48.4
"London, Ontario",65 years and over,2015,10.1
"London, Ontario",65 years and over,2016,11.9
"London, Ontario",65 years and over,2017,12.2
"London, Ontario",65 years and over,2018,11.5
"London, Ontario",65 years and over,2019,12.4
"Windsor, Ontario",15 years and over,2015,173.5
"Windsor, Ontario",15 years and over,2016,172.9
"Windsor, Ontario",15 years and over,2017,170.9
"Windsor, Ontario",15 years and over,2018,174.7
"Windsor, Ontario",15 years and over,2019,182.7
"Windsor, Ontario",15 to 24 years,2015,30.7
"Windsor, Ontario",15 to 24 years,2016,31.3
"Windsor, Ontario",15 to 24 years,2017,30.6
"Windsor, Ontario",15 to 24 years,2018,28.5
"Windsor, Ontario",15 to 24 years,2019,31.4
"Windsor, Ontario",25 years and over,2015,142.8
"Windsor, Ontario",25 years and over,2016,141.6
"Windsor, Ontario",25 years and over,2017,140.4
"Windsor, Ontario",25 years and over,2018,146.2
"Windsor, Ontario",25 years and over,2019,151.3
"Windsor, Ontario",25 to 44 years,2015,69.2
"Windsor, Ontario",25 to 44 years,2016,65.8
"Windsor, Ontario",25 to 44 years,2017,66.8
"Windsor, Ontario",25 to 44 years,2018,74.4
"Windsor, Ontario",25 to 44 years,2019,73.3
"Windsor, Ontario",45 years and over,2015,73.6
"Windsor, Ontario",45 years and over,2016,75.8
"Windsor, Ontario",45 years and over,2017,73.6
"Windsor, Ontario",45 years and over,2018,71.8
"Windsor, Ontario",45 years and over,2019,78
"Windsor, Ontario",25 to 54 years,2015,110.5
"Windsor, Ontario",25 to 54 years,2016,108.6
"Windsor, Ontario",25 to 54 years,2017,105.9
"Windsor, Ontario",25 to 54 years,2018,112.7
"Windsor, Ontario",25 to 54 years,2019,114.6
"Windsor, Ontario",55 years and over,2015,32.3
"Windsor, Ontario",55 years and over,2016,33.1
"Windsor, Ontario",55 years and over,2017,34.5
"Windsor, Ontario",55 years and over,2018,33.4
"Windsor, Ontario",55 years and over,2019,36.7
"Windsor, Ontario",55 to 64 years,2015,27.1
"Windsor, Ontario",55 to 64 years,2016,28.2
"Windsor, Ontario",55 to 64 years,2017,29.4
"Windsor, Ontario",55 to 64 years,2018,27.7
"Windsor, Ontario",55 to 64 years,2019,28
"Windsor, Ontario",65 years and over,2015,5.2
"Windsor, Ontario",65 years and over,2016,4.9
"Windsor, Ontario",65 years and over,2017,5.1
"Windsor, Ontario",65 years and over,2018,5.7
"Windsor, Ontario",65 years and over,2019,8.7
"Barrie, Ontario",15 years and over,2015,113.6
"Barrie, Ontario",15 years and over,2016,110.4
"Barrie, Ontario",15 years and over,2017,119.6
"Barrie, Ontario",15 years and over,2018,120.3
"Barrie, Ontario",15 years and over,2019,124.3
"Barrie, Ontario",15 to 24 years,2015,20.8
"Barrie, Ontario",15 to 24 years,2016,17.6
"Barrie, Ontario",15 to 24 years,2017,21.4
"Barrie, Ontario",15 to 24 years,2018,18.8
"Barrie, Ontario",15 to 24 years,2019,23
"Barrie, Ontario",25 years and over,2015,92.8
"Barrie, Ontario",25 years and over,2016,92.8
"Barrie, Ontario",25 years and over,2017,98.2
"Barrie, Ontario",25 years and over,2018,101.4
"Barrie, Ontario",25 years and over,2019,101.3
"Barrie, Ontario",25 to 44 years,2015,47.2
"Barrie, Ontario",25 to 44 years,2016,48.3
"Barrie, Ontario",25 to 44 years,2017,49.3
"Barrie, Ontario",25 to 44 years,2018,50.5
"Barrie, Ontario",25 to 44 years,2019,54
"Barrie, Ontario",45 years and over,2015,45.6
"Barrie, Ontario",45 years and over,2016,44.5
"Barrie, Ontario",45 years and over,2017,48.9
"Barrie, Ontario",45 years and over,2018,50.9
"Barrie, Ontario",45 years and over,2019,47.3
"Barrie, Ontario",25 to 54 years,2015,73.9
"Barrie, Ontario",25 to 54 years,2016,73
"Barrie, Ontario",25 to 54 years,2017,75.8
"Barrie, Ontario",25 to 54 years,2018,78.7
"Barrie, Ontario",25 to 54 years,2019,81.6
"Barrie, Ontario",55 years and over,2015,18.9
"Barrie, Ontario",55 years and over,2016,19.8
"Barrie, Ontario",55 years and over,2017,22.4
"Barrie, Ontario",55 years and over,2018,22.7
"Barrie, Ontario",55 years and over,2019,19.7
"Barrie, Ontario",55 to 64 years,2015,14.7
"Barrie, Ontario",55 to 64 years,2016,16.6
"Barrie, Ontario",55 to 64 years,2017,17.5
"Barrie, Ontario",55 to 64 years,2018,18.6
"Barrie, Ontario",55 to 64 years,2019,16.7
"Barrie, Ontario",65 years and over,2015,4.2
"Barrie, Ontario",65 years and over,2016,3.2
"Barrie, Ontario",65 years and over,2017,4.9
"Barrie, Ontario",65 years and over,2018,4.1
"Barrie, Ontario",65 years and over,2019,3.1
"Greater Sudbury, Ontario",15 years and over,2015,88.8
"Greater Sudbury, Ontario",15 years and over,2016,90
"Greater Sudbury, Ontario",15 years and over,2017,87.7
"Greater Sudbury, Ontario",15 years and over,2018,88.8
"Greater Sudbury, Ontario",15 years and over,2019,92
"Greater Sudbury, Ontario",15 to 24 years,2015,16.9
"Greater Sudbury, Ontario",15 to 24 years,2016,15.7
"Greater Sudbury, Ontario",15 to 24 years,2017,15.2
"Greater Sudbury, Ontario",15 to 24 years,2018,14.2
"Greater Sudbury, Ontario",15 to 24 years,2019,14.6
"Greater Sudbury, Ontario",25 years and over,2015,71.9
"Greater Sudbury, Ontario",25 years and over,2016,74.3
"Greater Sudbury, Ontario",25 years and over,2017,72.5
"Greater Sudbury, Ontario",25 years and over,2018,74.6
"Greater Sudbury, Ontario",25 years and over,2019,77.4
"Greater Sudbury, Ontario",25 to 44 years,2015,35.6
"Greater Sudbury, Ontario",25 to 44 years,2016,39.1
"Greater Sudbury, Ontario",25 to 44 years,2017,37.3
"Greater Sudbury, Ontario",25 to 44 years,2018,38.2
"Greater Sudbury, Ontario",25 to 44 years,2019,40.7
"Greater Sudbury, Ontario",45 years and over,2015,36.3
"Greater Sudbury, Ontario",45 years and over,2016,35.2
"Greater Sudbury, Ontario",45 years and over,2017,35.2
"Greater Sudbury, Ontario",45 years and over,2018,36.4
"Greater Sudbury, Ontario",45 years and over,2019,36.7
"Greater Sudbury, Ontario",25 to 54 years,2015,56.4
"Greater Sudbury, Ontario",25 to 54 years,2016,60.1
"Greater Sudbury, Ontario",25 to 54 years,2017,57.6
"Greater Sudbury, Ontario",25 to 54 years,2018,55.3
"Greater Sudbury, Ontario",25 to 54 years,2019,58.7
"Greater Sudbury, Ontario",55 years and over,2015,15.5
"Greater Sudbury, Ontario",55 years and over,2016,14.2
"Greater Sudbury, Ontario",55 years and over,2017,14.9
"Greater Sudbury, Ontario",55 years and over,2018,19.4
"Greater Sudbury, Ontario",55 years and over,2019,18.7
"Greater Sudbury, Ontario",55 to 64 years,2015,13.1
"Greater Sudbury, Ontario",55 to 64 years,2016,12.2
"Greater Sudbury, Ontario",55 to 64 years,2017,12.4
"Greater Sudbury, Ontario",55 to 64 years,2018,16
"Greater Sudbury, Ontario",55 to 64 years,2019,15.5
"Greater Sudbury, Ontario",65 years and over,2015,2.4
"Greater Sudbury, Ontario",65 years and over,2016,1.9
"Greater Sudbury, Ontario",65 years and over,2017,2.5
"Greater Sudbury, Ontario",65 years and over,2018,3.3
"Greater Sudbury, Ontario",65 years and over,2019,3.1
"Thunder Bay, Ontario",15 years and over,2015,62.6
"Thunder Bay, Ontario",15 years and over,2016,64.4
"Thunder Bay, Ontario",15 years and over,2017,65.2
"Thunder Bay, Ontario",15 years and over,2018,67.8
"Thunder Bay, Ontario",15 years and over,2019,66.5
"Thunder Bay, Ontario",15 to 24 years,2015,10.6
"Thunder Bay, Ontario",15 to 24 years,2016,10.3
"Thunder Bay, Ontario",15 to 24 years,2017,10.7
"Thunder Bay, Ontario",15 to 24 years,2018,12
"Thunder Bay, Ontario",15 to 24 years,2019,11.5
"Thunder Bay, Ontario",25 years and over,2015,52
"Thunder Bay, Ontario",25 years and over,2016,54.1
"Thunder Bay, Ontario",25 years and over,2017,54.6
"Thunder Bay, Ontario",25 years and over,2018,55.7
"Thunder Bay, Ontario",25 years and over,2019,54.9
"Thunder Bay, Ontario",25 to 44 years,2015,25
"Thunder Bay, Ontario",25 to 44 years,2016,24.6
"Thunder Bay, Ontario",25 to 44 years,2017,26.6
"Thunder Bay, Ontario",25 to 44 years,2018,27.5
"Thunder Bay, Ontario",25 to 44 years,2019,28.8
"Thunder Bay, Ontario",45 years and over,2015,27
"Thunder Bay, Ontario",45 years and over,2016,29.5
"Thunder Bay, Ontario",45 years and over,2017,28
"Thunder Bay, Ontario",45 years and over,2018,28.2
"Thunder Bay, Ontario",45 years and over,2019,26.1
"Thunder Bay, Ontario",25 to 54 years,2015,39
"Thunder Bay, Ontario",25 to 54 years,2016,40.1
"Thunder Bay, Ontario",25 to 54 years,2017,40.6
"Thunder Bay, Ontario",25 to 54 years,2018,41.2
"Thunder Bay, Ontario",25 to 54 years,2019,42.4
"Thunder Bay, Ontario",55 years and over,2015,12.9
"Thunder Bay, Ontario",55 years and over,2016,13.9
"Thunder Bay, Ontario",55 years and over,2017,14
"Thunder Bay, Ontario",55 years and over,2018,14.6
"Thunder Bay, Ontario",55 years and over,2019,12.5
"Thunder Bay, Ontario",55 to 64 years,2015,10.4
"Thunder Bay, Ontario",55 to 64 years,2016,11.5
"Thunder Bay, Ontario",55 to 64 years,2017,11
"Thunder Bay, Ontario",55 to 64 years,2018,11.7
"Thunder Bay, Ontario",55 to 64 years,2019,9.9
"Thunder Bay, Ontario",65 years and over,2015,2.5
"Thunder Bay, Ontario",65 years and over,2016,2.4
"Thunder Bay, Ontario",65 years and over,2017,3
"Thunder Bay, Ontario",65 years and over,2018,2.9
"Thunder Bay, Ontario",65 years and over,2019,2.6
