Industry Sector,Age Group,Year,NoLostTime,Lost Time,Deaths,,,,,,,,,,,,,
Agriculture,15-19,2015,139,68,0,,,,,,,,,,,,,
Agriculture,20-24,2015,387,232,0,,,,,,,,,,,,,
Agriculture,25-29,2015,283,180,0,,,,,,,,,,,,,
Agriculture,30-34,2015,210,138,0,,,,,,,,,,,,,
Agriculture,35-39,2015,205,103,1,,,,,,,,,,,,,
Agriculture,40-44,2015,190,107,0,,,,,,,,,,,,,
Agriculture,45-49,2015,156,112,0,,,,,,,,,,,,,
Agriculture,50-54,2015,156,95,0,,,,,,,,,,,,,
Agriculture,55-59,2015,107,62,0,,,,,,,,,,,,,
Agriculture,60-64,2015,64,39,0,,,,,,,,,,,,,
Agriculture,65+,2015,34,18,1,,,,,,,,,,,,,
Agriculture,Not Available,2015,7,3,0,,,,,,,,,,,,,
Automotive,15-19,2015,186,27,0,,,,,,,,,,,,,
Automotive,20-24,2015,801,110,0,,,,,,,,,,,,,
Automotive,25-29,2015,743,102,0,,,,,,,,,,,,,
Automotive,30-34,2015,809,115,0,,,,,,,,,,,,,
Automotive,35-39,2015,859,147,0,,,,,,,,,,,,,
Automotive,40-44,2015,998,192,0,,,,,,,,,,,,,
Automotive,45-49,2015,1096,218,0,,,,,,,,,,,,,
Automotive,50-54,2015,1215,250,0,,,,,,,,,,,,,
Automotive,55-59,2015,841,150,0,,,,,,,,,,,,,
Automotive,60-64,2015,358,93,0,,,,,,,,,,,,,
Automotive,65+,2015,131,21,1,,,,,,,,,,,,,
Automotive,Not Available,2015,5,0,0,,,,,,,,,,,,,
Chemicals/Process,15-19,2015,35,4,0,,,,,,,,,,,,,
Chemicals/Process,20-24,2015,176,44,0,,,,,,,,,,,,,
Chemicals/Process,25-29,2015,193,66,0,,,,,,,,,,,,,
Chemicals/Process,30-34,2015,216,64,0,,,,,,,,,,,,,
Chemicals/Process,35-39,2015,204,57,0,,,,,,,,,,,,,
Chemicals/Process,40-44,2015,292,69,0,,,,,,,,,,,,,
Chemicals/Process,45-49,2015,347,79,0,,,,,,,,,,,,,
Chemicals/Process,50-54,2015,353,96,1,,,,,,,,,,,,,
Chemicals/Process,55-59,2015,273,85,0,,,,,,,,,,,,,
Chemicals/Process,60-64,2015,140,44,1,,,,,,,,,,,,,
Chemicals/Process,65+,2015,100,24,0,,,,,,,,,,,,,
Chemicals/Process,Not Available,2015,1,0,0,,,,,,,,,,,,,
Construction,15-19,2015,474,115,0,,,,,,,,,,,,,
Construction,20-24,2015,1991,564,1,,,,,,,,,,,,,
Construction,25-29,2015,2328,625,1,,,,,,,,,,,,,
Construction,30-34,2015,2057,548,2,,,,,,,,,,,,,
Construction,35-39,2015,1608,474,4,,,,,,,,,,,,,
Construction,40-44,2015,1204,407,5,,,,,,,,,,,,,
Construction,45-49,2015,1265,479,2,,,,,,,,,,,,,
Construction,50-54,2015,1236,471,2,,,,,,,,,,,,,
Construction,55-59,2015,844,350,2,,,,,,,,,,,,,
Construction,60-64,2015,434,165,0,,,,,,,,,,,,,
Construction,65+,2015,370,73,0,,,,,,,,,,,,,
Construction,Not Available,2015,13,0,0,,,,,,,,,,,,,
Education,15-19,2015,268,77,0,,,,,,,,,,,,,
Education,20-24,2015,112,31,0,,,,,,,,,,,,,
Education,25-29,2015,92,25,0,,,,,,,,,,,,,
Education,30-34,2015,86,23,0,,,,,,,,,,,,,
Education,35-39,2015,88,34,0,,,,,,,,,,,,,
Education,40-44,2015,100,43,0,,,,,,,,,,,,,
Education,45-49,2015,136,60,0,,,,,,,,,,,,,
Education,50-54,2015,174,91,0,,,,,,,,,,,,,
Education,55-59,2015,142,68,0,,,,,,,,,,,,,
Education,60-64,2015,76,52,0,,,,,,,,,,,,,
Education,65+,2015,37,13,0,,,,,,,,,,,,,
Education,Not Available,2015,7,0,0,,,,,,,,,,,,,
Electrical,15-19,2015,16,1,0,,,,,,,,,,,,,
Electrical,20-24,2015,155,27,0,,,,,,,,,,,,,
Electrical,25-29,2015,229,47,0,,,,,,,,,,,,,
Electrical,30-34,2015,229,62,0,,,,,,,,,,,,,
Electrical,35-39,2015,151,30,0,,,,,,,,,,,,,
Electrical,40-44,2015,125,36,0,,,,,,,,,,,,,
Electrical,45-49,2015,129,41,0,,,,,,,,,,,,,
Electrical,50-54,2015,171,34,0,,,,,,,,,,,,,
Electrical,55-59,2015,122,34,0,,,,,,,,,,,,,
Electrical,60-64,2015,54,10,0,,,,,,,,,,,,,
Electrical,65+,2015,36,9,0,,,,,,,,,,,,,
Electrical,Not Available,2015,2,0,0,,,,,,,,,,,,,
Food,15-19,2015,83,37,0,,,,,,,,,,,,,
Food,20-24,2015,331,76,0,,,,,,,,,,,,,
Food,25-29,2015,338,81,0,,,,,,,,,,,,,
Food,30-34,2015,362,83,0,,,,,,,,,,,,,
Food,35-39,2015,410,117,0,,,,,,,,,,,,,
Food,40-44,2015,463,131,0,,,,,,,,,,,,,
Food,45-49,2015,509,128,1,,,,,,,,,,,,,
Food,50-54,2015,566,138,0,,,,,,,,,,,,,
Food,55-59,2015,420,135,0,,,,,,,,,,,,,
Food,60-64,2015,266,71,0,,,,,,,,,,,,,
Food,65+,2015,103,26,0,,,,,,,,,,,,,
Food,Not Available,2015,10,0,0,,,,,,,,,,,,,
Forestry,15-19,2015,37,13,0,,,,,,,,,,,,,
Forestry,20-24,2015,77,27,0,,,,,,,,,,,,,
Forestry,25-29,2015,75,15,0,,,,,,,,,,,,,
Forestry,30-34,2015,48,10,0,,,,,,,,,,,,,
Forestry,35-39,2015,40,11,0,,,,,,,,,,,,,
Forestry,40-44,2015,44,9,0,,,,,,,,,,,,,
Forestry,45-49,2015,54,17,0,,,,,,,,,,,,,
Forestry,50-54,2015,70,30,2,,,,,,,,,,,,,
Forestry,55-59,2015,65,18,0,,,,,,,,,,,,,
Forestry,60-64,2015,42,13,0,,,,,,,,,,,,,
Forestry,65+,2015,46,2,0,,,,,,,,,,,,,
Forestry,Not Available,2015,1,0,0,,,,,,,,,,,,,
Health Care,15-19,2015,63,48,0,,,,,,,,,,,,,
Health Care,20-24,2015,959,366,0,,,,,,,,,,,,,
Health Care,25-29,2015,1669,660,1,,,,,,,,,,,,,
Health Care,30-34,2015,1630,692,0,,,,,,,,,,,,,
Health Care,35-39,2015,1517,718,0,,,,,,,,,,,,,
Health Care,40-44,2015,1715,816,0,,,,,,,,,,,,,
Health Care,45-49,2015,1797,877,0,,,,,,,,,,,,,
Health Care,50-54,2015,2173,932,0,,,,,,,,,,,,,
Health Care,55-59,2015,1583,685,0,,,,,,,,,,,,,
Health Care,60-64,2015,861,428,0,,,,,,,,,,,,,
Health Care,65+,2015,257,135,1,,,,,,,,,,,,,
Health Care,Not Available,2015,10,0,0,,,,,,,,,,,,,
Manufacturing,15-19,2015,636,140,0,,,,,,,,,,,,,
Manufacturing,20-24,2015,2194,509,0,,,,,,,,,,,,,
Manufacturing,25-29,2015,2269,561,0,,,,,,,,,,,,,
Manufacturing,30-34,2015,1965,539,0,,,,,,,,,,,,,
Manufacturing,35-39,2015,1853,520,1,,,,,,,,,,,,,
Manufacturing,40-44,2015,1901,559,0,,,,,,,,,,,,,
Manufacturing,45-49,2015,2076,682,1,,,,,,,,,,,,,
Manufacturing,50-54,2015,2410,810,0,,,,,,,,,,,,,
Manufacturing,55-59,2015,1902,709,0,,,,,,,,,,,,,
Manufacturing,60-64,2015,1201,439,3,,,,,,,,,,,,,
Manufacturing,65+,2015,782,176,1,,,,,,,,,,,,,
Manufacturing,Not Available,2015,21,1,0,,,,,,,,,,,,,
Mining,15-19,2015,30,2,0,,,,,,,,,,,,,
Mining,20-24,2015,106,17,1,,,,,,,,,,,,,
Mining,25-29,2015,132,14,0,,,,,,,,,,,,,
Mining,30-34,2015,146,17,0,,,,,,,,,,,,,
Mining,35-39,2015,120,25,0,,,,,,,,,,,,,
Mining,40-44,2015,91,19,0,,,,,,,,,,,,,
Mining,45-49,2015,90,20,1,,,,,,,,,,,,,
Mining,50-54,2015,144,30,2,,,,,,,,,,,,,
Mining,55-59,2015,116,19,0,,,,,,,,,,,,,
Mining,60-64,2015,58,9,0,,,,,,,,,,,,,
Mining,65+,2015,86,9,0,,,,,,,,,,,,,
Mining,Not Available,2015,1,0,0,,,,,,,,,,,,,
Municipal,15-19,2015,90,20,0,,,,,,,,,,,,,
Municipal,20-24,2015,126,39,0,,,,,,,,,,,,,
Municipal,25-29,2015,98,37,0,,,,,,,,,,,,,
Municipal,30-34,2015,124,62,0,,,,,,,,,,,,,
Municipal,35-39,2015,143,65,0,,,,,,,,,,,,,
Municipal,40-44,2015,111,72,0,,,,,,,,,,,,,
Municipal,45-49,2015,143,88,0,,,,,,,,,,,,,
Municipal,50-54,2015,179,88,0,,,,,,,,,,,,,
Municipal,55-59,2015,124,61,1,,,,,,,,,,,,,
Municipal,60-64,2015,93,31,0,,,,,,,,,,,,,
Municipal,65+,2015,46,14,0,,,,,,,,,,,,,
Municipal,Not Available,2015,2,0,0,,,,,,,,,,,,,
Primary Metals,15-19,2015,10,9,0,,,,,,,,,,,,,
Primary Metals,20-24,2015,74,8,1,,,,,,,,,,,,,
Primary Metals,25-29,2015,117,13,0,,,,,,,,,,,,,
Primary Metals,30-34,2015,111,13,0,,,,,,,,,,,,,
Primary Metals,35-39,2015,131,11,0,,,,,,,,,,,,,
Primary Metals,40-44,2015,152,13,0,,,,,,,,,,,,,
Primary Metals,45-49,2015,164,14,0,,,,,,,,,,,,,
Primary Metals,50-54,2015,245,34,0,,,,,,,,,,,,,
Primary Metals,55-59,2015,196,27,0,,,,,,,,,,,,,
Primary Metals,60-64,2015,101,12,0,,,,,,,,,,,,,
Primary Metals,65+,2015,72,7,0,,,,,,,,,,,,,
Primary Metals,Not Available,2015,1,0,0,,,,,,,,,,,,,
Pulp & Paper,15-19,2015,5,0,0,,,,,,,,,,,,,
Pulp & Paper,20-24,2015,25,4,0,,,,,,,,,,,,,
Pulp & Paper,25-29,2015,26,6,0,,,,,,,,,,,,,
Pulp & Paper,30-34,2015,35,7,0,,,,,,,,,,,,,
Pulp & Paper,35-39,2015,32,7,0,,,,,,,,,,,,,
Pulp & Paper,40-44,2015,30,8,0,,,,,,,,,,,,,
Pulp & Paper,45-49,2015,43,13,0,,,,,,,,,,,,,
Pulp & Paper,50-54,2015,65,10,0,,,,,,,,,,,,,
Pulp & Paper,55-59,2015,79,15,0,,,,,,,,,,,,,
Pulp & Paper,60-64,2015,35,8,0,,,,,,,,,,,,,
Pulp & Paper,65+,2015,46,3,0,,,,,,,,,,,,,
Pulp & Paper,Not Available,2015,0,0,0,,,,,,,,,,,,,
Schedule 2,15-19,2015,250,108,0,,,,,,,,,,,,,
Schedule 2,20-24,2015,759,350,0,,,,,,,,,,,,,
Schedule 2,25-29,2015,1265,841,0,,,,,,,,,,,,,
Schedule 2,30-34,2015,1523,1309,1,,,,,,,,,,,,,
Schedule 2,35-39,2015,1737,1535,0,,,,,,,,,,,,,
Schedule 2,40-44,2015,1856,1843,1,,,,,,,,,,,,,
Schedule 2,45-49,2015,2046,1930,0,,,,,,,,,,,,,
Schedule 2,50-54,2015,2300,2143,0,,,,,,,,,,,,,
Schedule 2,55-59,2015,1736,1596,1,,,,,,,,,,,,,
Schedule 2,60-64,2015,732,726,1,,,,,,,,,,,,,
Schedule 2,65+,2015,407,235,0,,,,,,,,,,,,,
Schedule 2,Not Available,2015,18,1,0,,,,,,,,,,,,,
Services,15-19,2015,3158,1067,0,,,,,,,,,,,,,
Services,20-24,2015,5235,1961,1,,,,,,,,,,,,,
Services,25-29,2015,3458,1522,0,,,,,,,,,,,,,
Services,30-34,2015,2703,1145,0,,,,,,,,,,,,,
Services,35-39,2015,2274,1025,1,,,,,,,,,,,,,
Services,40-44,2015,2286,1046,0,,,,,,,,,,,,,
Services,45-49,2015,2326,1178,1,,,,,,,,,,,,,
Services,50-54,2015,2560,1345,1,,,,,,,,,,,,,
Services,55-59,2015,2005,1065,0,,,,,,,,,,,,,
Services,60-64,2015,1167,619,1,,,,,,,,,,,,,
Services,65+,2015,646,358,0,,,,,,,,,,,,,
Services,Not Available,2015,66,8,0,,,,,,,,,,,,,
Transportation,15-19,2015,272,83,0,,,,,,,,,,,,,
Transportation,20-24,2015,989,294,1,,,,,,,,,,,,,
Transportation,25-29,2015,961,392,1,,,,,,,,,,,,,
Transportation,30-34,2015,968,382,1,,,,,,,,,,,,,
Transportation,35-39,2015,849,395,0,,,,,,,,,,,,,
Transportation,40-44,2015,892,474,2,,,,,,,,,,,,,
Transportation,45-49,2015,1013,517,3,,,,,,,,,,,,,
Transportation,50-54,2015,1044,579,2,,,,,,,,,,,,,
Transportation,55-59,2015,848,498,0,,,,,,,,,,,,,
Transportation,60-64,2015,478,334,0,,,,,,,,,,,,,
Transportation,65+,2015,327,142,1,,,,,,,,,,,,,
Transportation,Not Available,2015,10,1,0,,,,,,,,,,,,,
Agriculture,15-19,2016,132,85,0,,,,,,,,,,,,,
Agriculture,20-24,2016,352,222,0,,,,,,,,,,,,,
Agriculture,25-29,2016,320,205,0,,,,,,,,,,,,,
Agriculture,30-34,2016,269,156,0,,,,,,,,,,,,,
Agriculture,35-39,2016,205,118,0,,,,,,,,,,,,,
Agriculture,40-44,2016,186,110,2,,,,,,,,,,,,,
Agriculture,45-49,2016,182,88,0,,,,,,,,,,,,,
Agriculture,50-54,2016,134,108,0,,,,,,,,,,,,,
Agriculture,55-59,2016,119,78,0,,,,,,,,,,,,,
Agriculture,60-64,2016,44,48,1,,,,,,,,,,,,,
Agriculture,65+,2016,34,25,0,,,,,,,,,,,,,
Agriculture,Not Available,2016,3,0,0,,,,,,,,,,,,,
Automotive,15-19,2016,225,46,0,,,,,,,,,,,,,
Automotive,20-24,2016,900,141,0,,,,,,,,,,,,,
Automotive,25-29,2016,859,127,0,,,,,,,,,,,,,
Automotive,30-34,2016,834,146,0,,,,,,,,,,,,,
Automotive,35-39,2016,884,192,0,,,,,,,,,,,,,
Automotive,40-44,2016,962,219,0,,,,,,,,,,,,,
Automotive,45-49,2016,1099,254,0,,,,,,,,,,,,,
Automotive,50-54,2016,1088,275,0,,,,,,,,,,,,,
Automotive,55-59,2016,794,188,0,,,,,,,,,,,,,
Automotive,60-64,2016,372,91,0,,,,,,,,,,,,,
Automotive,65+,2016,121,17,0,,,,,,,,,,,,,
Automotive,Not Available,2016,3,0,0,,,,,,,,,,,,,
Chemicals/Process,15-19,2016,41,2,0,,,,,,,,,,,,,
Chemicals/Process,20-24,2016,165,52,0,,,,,,,,,,,,,
Chemicals/Process,25-29,2016,210,72,0,,,,,,,,,,,,,
Chemicals/Process,30-34,2016,190,91,0,,,,,,,,,,,,,
Chemicals/Process,35-39,2016,221,76,0,,,,,,,,,,,,,
Chemicals/Process,40-44,2016,258,93,0,,,,,,,,,,,,,
Chemicals/Process,45-49,2016,279,103,0,,,,,,,,,,,,,
Chemicals/Process,50-54,2016,355,105,0,,,,,,,,,,,,,
Chemicals/Process,55-59,2016,281,111,0,,,,,,,,,,,,,
Chemicals/Process,60-64,2016,167,56,0,,,,,,,,,,,,,
Chemicals/Process,65+,2016,92,21,0,,,,,,,,,,,,,
Chemicals/Process,Not Available,2016,0,0,0,,,,,,,,,,,,,
Construction,15-19,2016,413,144,1,,,,,,,,,,,,,
Construction,20-24,2016,2065,583,1,,,,,,,,,,,,,
Construction,25-29,2016,2354,712,3,,,,,,,,,,,,,
Construction,30-34,2016,2033,589,1,,,,,,,,,,,,,
Construction,35-39,2016,1643,531,0,,,,,,,,,,,,,
Construction,40-44,2016,1291,418,6,,,,,,,,,,,,,
Construction,45-49,2016,1189,448,1,,,,,,,,,,,,,
Construction,50-54,2016,1256,518,3,,,,,,,,,,,,,
Construction,55-59,2016,934,383,2,,,,,,,,,,,,,
Construction,60-64,2016,487,191,3,,,,,,,,,,,,,
Construction,65+,2016,406,78,1,,,,,,,,,,,,,
Construction,Not Available,2016,9,0,1,,,,,,,,,,,,,
Education,15-19,2016,266,84,0,,,,,,,,,,,,,
Education,20-24,2016,104,40,0,,,,,,,,,,,,,
Education,25-29,2016,105,40,0,,,,,,,,,,,,,
Education,30-34,2016,78,46,0,,,,,,,,,,,,,
Education,35-39,2016,85,48,0,,,,,,,,,,,,,
Education,40-44,2016,97,52,0,,,,,,,,,,,,,
Education,45-49,2016,115,62,0,,,,,,,,,,,,,
Education,50-54,2016,143,82,0,,,,,,,,,,,,,
Education,55-59,2016,128,72,0,,,,,,,,,,,,,
Education,60-64,2016,100,47,1,,,,,,,,,,,,,
Education,65+,2016,45,12,0,,,,,,,,,,,,,
Education,Not Available,2016,7,0,0,,,,,,,,,,,,,
Electrical,15-19,2016,21,4,0,,,,,,,,,,,,,
Electrical,20-24,2016,155,29,0,,,,,,,,,,,,,
Electrical,25-29,2016,223,54,0,,,,,,,,,,,,,
Electrical,30-34,2016,238,52,0,,,,,,,,,,,,,
Electrical,35-39,2016,169,37,0,,,,,,,,,,,,,
Electrical,40-44,2016,146,42,0,,,,,,,,,,,,,
Electrical,45-49,2016,144,47,0,,,,,,,,,,,,,
Electrical,50-54,2016,176,44,0,,,,,,,,,,,,,
Electrical,55-59,2016,107,38,0,,,,,,,,,,,,,
Electrical,60-64,2016,50,18,0,,,,,,,,,,,,,
Electrical,65+,2016,30,4,0,,,,,,,,,,,,,
Electrical,Not Available,2016,0,0,0,,,,,,,,,,,,,
Food,15-19,2016,93,25,0,,,,,,,,,,,,,
Food,20-24,2016,387,95,0,,,,,,,,,,,,,
Food,25-29,2016,365,114,0,,,,,,,,,,,,,
Food,30-34,2016,379,112,0,,,,,,,,,,,,,
Food,35-39,2016,407,111,0,,,,,,,,,,,,,
Food,40-44,2016,443,121,1,,,,,,,,,,,,,
Food,45-49,2016,478,136,0,,,,,,,,,,,,,
Food,50-54,2016,519,150,0,,,,,,,,,,,,,
Food,55-59,2016,448,126,0,,,,,,,,,,,,,
Food,60-64,2016,242,102,0,,,,,,,,,,,,,
Food,65+,2016,109,28,0,,,,,,,,,,,,,
Food,Not Available,2016,0,0,0,,,,,,,,,,,,,
Forestry,15-19,2016,32,13,0,,,,,,,,,,,,,
Forestry,20-24,2016,106,23,0,,,,,,,,,,,,,
Forestry,25-29,2016,53,26,0,,,,,,,,,,,,,
Forestry,30-34,2016,42,14,0,,,,,,,,,,,,,
Forestry,35-39,2016,43,11,0,,,,,,,,,,,,,
Forestry,40-44,2016,50,22,1,,,,,,,,,,,,,
Forestry,45-49,2016,39,17,0,,,,,,,,,,,,,
Forestry,50-54,2016,53,20,0,,,,,,,,,,,,,
Forestry,55-59,2016,47,20,0,,,,,,,,,,,,,
Forestry,60-64,2016,30,10,0,,,,,,,,,,,,,
Forestry,65+,2016,43,4,0,,,,,,,,,,,,,
Forestry,Not Available,2016,0,0,0,,,,,,,,,,,,,
Health Care,15-19,2016,78,38,0,,,,,,,,,,,,,
Health Care,20-24,2016,1006,402,0,,,,,,,,,,,,,
Health Care,25-29,2016,1647,709,0,,,,,,,,,,,,,
Health Care,30-34,2016,1625,750,0,,,,,,,,,,,,,
Health Care,35-39,2016,1561,770,0,,,,,,,,,,,,,
Health Care,40-44,2016,1656,793,0,,,,,,,,,,,,,
Health Care,45-49,2016,1825,923,0,,,,,,,,,,,,,
Health Care,50-54,2016,2067,1074,0,,,,,,,,,,,,,
Health Care,55-59,2016,1703,779,0,,,,,,,,,,,,,
Health Care,60-64,2016,876,471,0,,,,,,,,,,,,,
Health Care,65+,2016,280,193,0,,,,,,,,,,,,,
Health Care,Not Available,2016,1,0,0,,,,,,,,,,,,,
Manufacturing,15-19,2016,604,147,0,,,,,,,,,,,,,
Manufacturing,20-24,2016,2249,585,0,,,,,,,,,,,,,
Manufacturing,25-29,2016,2168,639,2,,,,,,,,,,,,,
Manufacturing,30-34,2016,1862,593,0,,,,,,,,,,,,,
Manufacturing,35-39,2016,1741,629,1,,,,,,,,,,,,,
Manufacturing,40-44,2016,1890,588,1,,,,,,,,,,,,,
Manufacturing,45-49,2016,1996,786,2,,,,,,,,,,,,,
Manufacturing,50-54,2016,2296,853,3,,,,,,,,,,,,,
Manufacturing,55-59,2016,1860,788,0,,,,,,,,,,,,,
Manufacturing,60-64,2016,1142,529,0,,,,,,,,,,,,,
Manufacturing,65+,2016,746,244,1,,,,,,,,,,,,,
Manufacturing,Not Available,2016,9,2,0,,,,,,,,,,,,,
Mining,15-19,2016,13,3,0,,,,,,,,,,,,,
Mining,20-24,2016,86,11,0,,,,,,,,,,,,,
Mining,25-29,2016,117,13,0,,,,,,,,,,,,,
Mining,30-34,2016,138,31,0,,,,,,,,,,,,,
Mining,35-39,2016,123,21,0,,,,,,,,,,,,,
Mining,40-44,2016,106,16,0,,,,,,,,,,,,,
Mining,45-49,2016,92,17,0,,,,,,,,,,,,,
Mining,50-54,2016,105,25,0,,,,,,,,,,,,,
Mining,55-59,2016,113,20,0,,,,,,,,,,,,,
Mining,60-64,2016,83,10,0,,,,,,,,,,,,,
Mining,65+,2016,77,2,0,,,,,,,,,,,,,
Mining,Not Available,2016,0,0,0,,,,,,,,,,,,,
Municipal,15-19,2016,100,27,0,,,,,,,,,,,,,
Municipal,20-24,2016,106,40,0,,,,,,,,,,,,,
Municipal,25-29,2016,113,39,0,,,,,,,,,,,,,
Municipal,30-34,2016,117,50,1,,,,,,,,,,,,,
Municipal,35-39,2016,114,69,0,,,,,,,,,,,,,
Municipal,40-44,2016,142,84,0,,,,,,,,,,,,,
Municipal,45-49,2016,140,78,0,,,,,,,,,,,,,
Municipal,50-54,2016,144,98,0,,,,,,,,,,,,,
Municipal,55-59,2016,107,68,0,,,,,,,,,,,,,
Municipal,60-64,2016,90,30,0,,,,,,,,,,,,,
Municipal,65+,2016,56,16,0,,,,,,,,,,,,,
Municipal,Not Available,2016,2,1,0,,,,,,,,,,,,,
Primary Metals,15-19,2016,18,3,0,,,,,,,,,,,,,
Primary Metals,20-24,2016,67,5,0,,,,,,,,,,,,,
Primary Metals,25-29,2016,115,13,0,,,,,,,,,,,,,
Primary Metals,30-34,2016,150,13,0,,,,,,,,,,,,,
Primary Metals,35-39,2016,126,22,0,,,,,,,,,,,,,
Primary Metals,40-44,2016,160,20,0,,,,,,,,,,,,,
Primary Metals,45-49,2016,156,18,0,,,,,,,,,,,,,
Primary Metals,50-54,2016,217,32,0,,,,,,,,,,,,,
Primary Metals,55-59,2016,229,20,0,,,,,,,,,,,,,
Primary Metals,60-64,2016,100,8,0,,,,,,,,,,,,,
Primary Metals,65+,2016,100,8,0,,,,,,,,,,,,,
Primary Metals,Not Available,2016,0,0,0,,,,,,,,,,,,,
Pulp & Paper,15-19,2016,5,0,0,,,,,,,,,,,,,
Pulp & Paper,20-24,2016,20,5,0,,,,,,,,,,,,,
Pulp & Paper,25-29,2016,38,3,0,,,,,,,,,,,,,
Pulp & Paper,30-34,2016,36,9,0,,,,,,,,,,,,,
Pulp & Paper,35-39,2016,40,6,0,,,,,,,,,,,,,
Pulp & Paper,40-44,2016,40,12,0,,,,,,,,,,,,,
Pulp & Paper,45-49,2016,42,11,0,,,,,,,,,,,,,
Pulp & Paper,50-54,2016,68,10,0,,,,,,,,,,,,,
Pulp & Paper,55-59,2016,81,14,1,,,,,,,,,,,,,
Pulp & Paper,60-64,2016,31,13,0,,,,,,,,,,,,,
Pulp & Paper,65+,2016,38,4,0,,,,,,,,,,,,,
Pulp & Paper,Not Available,2016,0,0,0,,,,,,,,,,,,,
Schedule 2,15-19,2016,248,132,0,,,,,,,,,,,,,
Schedule 2,20-24,2016,787,434,1,,,,,,,,,,,,,
Schedule 2,25-29,2016,1307,987,0,,,,,,,,,,,,,
Schedule 2,30-34,2016,1581,1438,0,,,,,,,,,,,,,
Schedule 2,35-39,2016,1671,1769,0,,,,,,,,,,,,,
Schedule 2,40-44,2016,1803,1913,0,,,,,,,,,,,,,
Schedule 2,45-49,2016,1988,2054,1,,,,,,,,,,,,,
Schedule 2,50-54,2016,2255,2406,0,,,,,,,,,,,,,
Schedule 2,55-59,2016,1723,1792,1,,,,,,,,,,,,,
Schedule 2,60-64,2016,798,786,0,,,,,,,,,,,,,
Schedule 2,65+,2016,450,269,1,,,,,,,,,,,,,
Schedule 2,Not Available,2016,6,2,0,,,,,,,,,,,,,
Services,15-19,2016,3152,1136,0,,,,,,,,,,,,,
Services,20-24,2016,5244,2315,1,,,,,,,,,,,,,
Services,25-29,2016,3617,1764,0,,,,,,,,,,,,,
Services,30-34,2016,2586,1286,0,,,,,,,,,,,,,
Services,35-39,2016,2253,1167,1,,,,,,,,,,,,,
Services,40-44,2016,2101,1182,0,,,,,,,,,,,,,
Services,45-49,2016,2239,1229,2,,,,,,,,,,,,,
Services,50-54,2016,2384,1449,0,,,,,,,,,,,,,
Services,55-59,2016,2144,1221,1,,,,,,,,,,,,,
Services,60-64,2016,1192,802,0,,,,,,,,,,,,,
Services,65+,2016,665,379,2,,,,,,,,,,,,,
Services,Not Available,2016,49,8,0,,,,,,,,,,,,,
Transportation,15-19,2016,244,94,0,,,,,,,,,,,,,
Transportation,20-24,2016,965,329,0,,,,,,,,,,,,,
Transportation,25-29,2016,902,419,1,,,,,,,,,,,,,
Transportation,30-34,2016,927,437,0,,,,,,,,,,,,,
Transportation,35-39,2016,871,445,1,,,,,,,,,,,,,
Transportation,40-44,2016,929,529,2,,,,,,,,,,,,,
Transportation,45-49,2016,897,543,2,,,,,,,,,,,,,
Transportation,50-54,2016,1097,626,0,,,,,,,,,,,,,
Transportation,55-59,2016,861,593,1,,,,,,,,,,,,,
Transportation,60-64,2016,541,374,3,,,,,,,,,,,,,
Transportation,65+,2016,368,181,2,,,,,,,,,,,,,
Transportation,Not Available,2016,6,1,0,,,,,,,,,,,,,
Agriculture,15-19,2017,131,65,0,,,,,,,,,,,,,
Agriculture,20-24,2017,389,251,0,,,,,,,,,,,,,
Agriculture,25-29,2017,385,191,0,,,,,,,,,,,,,
Agriculture,30-34,2017,297,155,0,,,,,,,,,,,,,
Agriculture,35-39,2017,236,126,0,,,,,,,,,,,,,
Agriculture,40-44,2017,201,119,1,,,,,,,,,,,,,
Agriculture,45-49,2017,181,106,0,,,,,,,,,,,,,
Agriculture,50-54,2017,168,84,0,,,,,,,,,,,,,
Agriculture,55-59,2017,122,78,1,,,,,,,,,,,,,
Agriculture,60-64,2017,76,50,1,,,,,,,,,,,,,
Agriculture,65+,2017,38,24,0,,,,,,,,,,,,,
Agriculture,Not Available,2017,6,2,0,,,,,,,,,,,,,
Automotive,15-19,2017,167,19,0,,,,,,,,,,,,,
Automotive,20-24,2017,892,127,0,,,,,,,,,,,,,
Automotive,25-29,2017,885,162,0,,,,,,,,,,,,,
Automotive,30-34,2017,787,149,0,,,,,,,,,,,,,
Automotive,35-39,2017,800,170,0,,,,,,,,,,,,,
Automotive,40-44,2017,943,202,0,,,,,,,,,,,,,
Automotive,45-49,2017,1081,253,0,,,,,,,,,,,,,
Automotive,50-54,2017,1124,232,0,,,,,,,,,,,,,
Automotive,55-59,2017,863,207,0,,,,,,,,,,,,,
Automotive,60-64,2017,415,106,0,,,,,,,,,,,,,
Automotive,65+,2017,172,27,0,,,,,,,,,,,,,
Automotive,Not Available,2017,0,0,0,,,,,,,,,,,,,
Chemicals/Process,15-19,2017,36,13,0,,,,,,,,,,,,,
Chemicals/Process,20-24,2017,196,61,0,,,,,,,,,,,,,
Chemicals/Process,25-29,2017,247,81,0,,,,,,,,,,,,,
Chemicals/Process,30-34,2017,247,69,0,,,,,,,,,,,,,
Chemicals/Process,35-39,2017,249,80,0,,,,,,,,,,,,,
Chemicals/Process,40-44,2017,268,93,0,,,,,,,,,,,,,
Chemicals/Process,45-49,2017,310,90,0,,,,,,,,,,,,,
Chemicals/Process,50-54,2017,349,123,0,,,,,,,,,,,,,
Chemicals/Process,55-59,2017,306,106,0,,,,,,,,,,,,,
Chemicals/Process,60-64,2017,180,75,0,,,,,,,,,,,,,
Chemicals/Process,65+,2017,116,10,1,,,,,,,,,,,,,
Chemicals/Process,Not Available,2017,0,0,0,,,,,,,,,,,,,
Construction,15-19,2017,511,125,0,,,,,,,,,,,,,
Construction,20-24,2017,2139,660,4,,,,,,,,,,,,,
Construction,25-29,2017,2483,736,1,,,,,,,,,,,,,
Construction,30-34,2017,2149,666,5,,,,,,,,,,,,,
Construction,35-39,2017,1678,574,4,,,,,,,,,,,,,
Construction,40-44,2017,1321,453,1,,,,,,,,,,,,,
Construction,45-49,2017,1214,469,0,,,,,,,,,,,,,
Construction,50-54,2017,1294,495,2,,,,,,,,,,,,,
Construction,55-59,2017,1028,400,1,,,,,,,,,,,,,
Construction,60-64,2017,571,222,0,,,,,,,,,,,,,
Construction,65+,2017,498,72,2,,,,,,,,,,,,,
Construction,Not Available,2017,7,0,0,,,,,,,,,,,,,
Education,15-19,2017,237,90,0,,,,,,,,,,,,,
Education,20-24,2017,129,37,0,,,,,,,,,,,,,
Education,25-29,2017,105,32,0,,,,,,,,,,,,,
Education,30-34,2017,90,49,0,,,,,,,,,,,,,
Education,35-39,2017,103,38,0,,,,,,,,,,,,,
Education,40-44,2017,107,57,0,,,,,,,,,,,,,
Education,45-49,2017,114,57,0,,,,,,,,,,,,,
Education,50-54,2017,141,94,0,,,,,,,,,,,,,
Education,55-59,2017,140,83,0,,,,,,,,,,,,,
Education,60-64,2017,73,53,0,,,,,,,,,,,,,
Education,65+,2017,37,27,0,,,,,,,,,,,,,
Education,Not Available,2017,7,1,0,,,,,,,,,,,,,
Electrical,15-19,2017,18,7,0,,,,,,,,,,,,,
Electrical,20-24,2017,133,33,0,,,,,,,,,,,,,
Electrical,25-29,2017,241,40,3,,,,,,,,,,,,,
Electrical,30-34,2017,249,57,0,,,,,,,,,,,,,
Electrical,35-39,2017,190,47,1,,,,,,,,,,,,,
Electrical,40-44,2017,131,39,0,,,,,,,,,,,,,
Electrical,45-49,2017,127,39,0,,,,,,,,,,,,,
Electrical,50-54,2017,159,45,0,,,,,,,,,,,,,
Electrical,55-59,2017,114,40,0,,,,,,,,,,,,,
Electrical,60-64,2017,50,18,0,,,,,,,,,,,,,
Electrical,65+,2017,29,3,0,,,,,,,,,,,,,
Electrical,Not Available,2017,1,0,0,,,,,,,,,,,,,
Food,15-19,2017,87,23,0,,,,,,,,,,,,,
Food,20-24,2017,364,92,0,,,,,,,,,,,,,
Food,25-29,2017,430,103,0,,,,,,,,,,,,,
Food,30-34,2017,387,95,0,,,,,,,,,,,,,
Food,35-39,2017,388,113,0,,,,,,,,,,,,,
Food,40-44,2017,464,129,0,,,,,,,,,,,,,
Food,45-49,2017,501,151,0,,,,,,,,,,,,,
Food,50-54,2017,541,153,0,,,,,,,,,,,,,
Food,55-59,2017,493,155,0,,,,,,,,,,,,,
Food,60-64,2017,253,86,0,,,,,,,,,,,,,
Food,65+,2017,121,22,0,,,,,,,,,,,,,
Food,Not Available,2017,2,0,0,,,,,,,,,,,,,
Forestry,15-19,2017,26,11,0,,,,,,,,,,,,,
Forestry,20-24,2017,71,27,0,,,,,,,,,,,,,
Forestry,25-29,2017,55,15,1,,,,,,,,,,,,,
Forestry,30-34,2017,57,11,0,,,,,,,,,,,,,
Forestry,35-39,2017,47,21,0,,,,,,,,,,,,,
Forestry,40-44,2017,46,23,0,,,,,,,,,,,,,
Forestry,45-49,2017,53,13,0,,,,,,,,,,,,,
Forestry,50-54,2017,67,23,0,,,,,,,,,,,,,
Forestry,55-59,2017,65,19,0,,,,,,,,,,,,,
Forestry,60-64,2017,52,20,0,,,,,,,,,,,,,
Forestry,65+,2017,43,2,0,,,,,,,,,,,,,
Forestry,Not Available,2017,0,0,0,,,,,,,,,,,,,
Health Care,15-19,2017,86,34,0,,,,,,,,,,,,,
Health Care,20-24,2017,1011,420,0,,,,,,,,,,,,,
Health Care,25-29,2017,1891,718,2,,,,,,,,,,,,,
Health Care,30-34,2017,1725,752,0,,,,,,,,,,,,,
Health Care,35-39,2017,1685,741,0,,,,,,,,,,,,,
Health Care,40-44,2017,1699,834,0,,,,,,,,,,,,,
Health Care,45-49,2017,1908,918,0,,,,,,,,,,,,,
Health Care,50-54,2017,2114,1014,0,,,,,,,,,,,,,
Health Care,55-59,2017,1875,867,0,,,,,,,,,,,,,
Health Care,60-64,2017,952,481,0,,,,,,,,,,,,,
Health Care,65+,2017,326,192,0,,,,,,,,,,,,,
Health Care,Not Available,2017,3,1,0,,,,,,,,,,,,,
Manufacturing,15-19,2017,623,160,1,,,,,,,,,,,,,
Manufacturing,20-24,2017,2390,633,1,,,,,,,,,,,,,
Manufacturing,25-29,2017,2277,697,0,,,,,,,,,,,,,
Manufacturing,30-34,2017,1941,611,1,,,,,,,,,,,,,
Manufacturing,35-39,2017,1773,624,1,,,,,,,,,,,,,
Manufacturing,40-44,2017,1837,614,0,,,,,,,,,,,,,
Manufacturing,45-49,2017,1889,683,3,,,,,,,,,,,,,
Manufacturing,50-54,2017,2194,820,1,,,,,,,,,,,,,
Manufacturing,55-59,2017,1981,821,2,,,,,,,,,,,,,
Manufacturing,60-64,2017,1332,504,2,,,,,,,,,,,,,
Manufacturing,65+,2017,681,222,2,,,,,,,,,,,,,
Manufacturing,Not Available,2017,9,2,0,,,,,,,,,,,,,
Mining,15-19,2017,15,4,0,,,,,,,,,,,,,
Mining,20-24,2017,70,9,0,,,,,,,,,,,,,
Mining,25-29,2017,130,21,0,,,,,,,,,,,,,
Mining,30-34,2017,130,25,1,,,,,,,,,,,,,
Mining,35-39,2017,119,30,0,,,,,,,,,,,,,
Mining,40-44,2017,91,21,0,,,,,,,,,,,,,
Mining,45-49,2017,101,26,0,,,,,,,,,,,,,
Mining,50-54,2017,116,28,0,,,,,,,,,,,,,
Mining,55-59,2017,124,22,1,,,,,,,,,,,,,
Mining,60-64,2017,87,10,0,,,,,,,,,,,,,
Mining,65+,2017,87,3,0,,,,,,,,,,,,,
Mining,Not Available,2017,0,0,0,,,,,,,,,,,,,
Municipal,15-19,2017,61,38,0,,,,,,,,,,,,,
Municipal,20-24,2017,100,52,0,,,,,,,,,,,,,
Municipal,25-29,2017,112,52,0,,,,,,,,,,,,,
Municipal,30-34,2017,124,65,0,,,,,,,,,,,,,
Municipal,35-39,2017,144,72,0,,,,,,,,,,,,,
Municipal,40-44,2017,116,89,0,,,,,,,,,,,,,
Municipal,45-49,2017,131,97,0,,,,,,,,,,,,,
Municipal,50-54,2017,156,117,0,,,,,,,,,,,,,
Municipal,55-59,2017,133,70,0,,,,,,,,,,,,,
Municipal,60-64,2017,72,48,0,,,,,,,,,,,,,
Municipal,65+,2017,54,17,0,,,,,,,,,,,,,
Municipal,Not Available,2017,1,2,0,,,,,,,,,,,,,
Primary Metals,15-19,2017,22,0,0,,,,,,,,,,,,,
Primary Metals,20-24,2017,79,14,0,,,,,,,,,,,,,
Primary Metals,25-29,2017,140,12,0,,,,,,,,,,,,,
Primary Metals,30-34,2017,156,20,0,,,,,,,,,,,,,
Primary Metals,35-39,2017,150,27,0,,,,,,,,,,,,,
Primary Metals,40-44,2017,153,36,0,,,,,,,,,,,,,
Primary Metals,45-49,2017,143,31,0,,,,,,,,,,,,,
Primary Metals,50-54,2017,200,32,0,,,,,,,,,,,,,
Primary Metals,55-59,2017,227,36,0,,,,,,,,,,,,,
Primary Metals,60-64,2017,129,15,0,,,,,,,,,,,,,
Primary Metals,65+,2017,126,7,0,,,,,,,,,,,,,
Primary Metals,Not Available,2017,0,0,0,,,,,,,,,,,,,
Pulp & Paper,15-19,2017,5,0,0,,,,,,,,,,,,,
Pulp & Paper,20-24,2017,36,4,0,,,,,,,,,,,,,
Pulp & Paper,25-29,2017,30,8,0,,,,,,,,,,,,,
Pulp & Paper,30-34,2017,44,4,0,,,,,,,,,,,,,
Pulp & Paper,35-39,2017,35,9,0,,,,,,,,,,,,,
Pulp & Paper,40-44,2017,36,10,0,,,,,,,,,,,,,
Pulp & Paper,45-49,2017,43,11,0,,,,,,,,,,,,,
Pulp & Paper,50-54,2017,60,18,0,,,,,,,,,,,,,
Pulp & Paper,55-59,2017,56,12,0,,,,,,,,,,,,,
Pulp & Paper,60-64,2017,27,6,0,,,,,,,,,,,,,
Pulp & Paper,65+,2017,29,3,0,,,,,,,,,,,,,
Pulp & Paper,Not Available,2017,0,0,0,,,,,,,,,,,,,
Schedule 2,15-19,2017,246,140,0,,,,,,,,,,,,,
Schedule 2,20-24,2017,741,497,0,,,,,,,,,,,,,
Schedule 2,25-29,2017,1381,1166,0,,,,,,,,,,,,,
Schedule 2,30-34,2017,1640,1551,0,,,,,,,,,,,,,
Schedule 2,35-39,2017,1746,1853,1,,,,,,,,,,,,,
Schedule 2,40-44,2017,1884,2001,0,,,,,,,,,,,,,
Schedule 2,45-49,2017,2010,2240,0,,,,,,,,,,,,,
Schedule 2,50-54,2017,2154,2497,1,,,,,,,,,,,,,
Schedule 2,55-59,2017,1746,1787,0,,,,,,,,,,,,,
Schedule 2,60-64,2017,798,831,0,,,,,,,,,,,,,
Schedule 2,65+,2017,487,304,0,,,,,,,,,,,,,
Schedule 2,Not Available,2017,7,2,0,,,,,,,,,,,,,
Services,15-19,2017,3322,1364,0,,,,,,,,,,,,,
Services,20-24,2017,5455,2413,0,,,,,,,,,,,,,
Services,25-29,2017,3924,1802,0,,,,,,,,,,,,,
Services,30-34,2017,2795,1329,0,,,,,,,,,,,,,
Services,35-39,2017,2281,1223,0,,,,,,,,,,,,,
Services,40-44,2017,2173,1175,1,,,,,,,,,,,,,
Services,45-49,2017,2256,1269,1,,,,,,,,,,,,,
Services,50-54,2017,2532,1469,1,,,,,,,,,,,,,
Services,55-59,2017,2161,1239,1,,,,,,,,,,,,,
Services,60-64,2017,1406,811,0,,,,,,,,,,,,,
Services,65+,2017,733,404,2,,,,,,,,,,,,,
Services,Not Available,2017,62,13,0,,,,,,,,,,,,,
Transportation,15-19,2017,302,98,0,,,,,,,,,,,,,
Transportation,20-24,2017,947,435,0,,,,,,,,,,,,,
Transportation,25-29,2017,939,473,0,,,,,,,,,,,,,
Transportation,30-34,2017,925,458,2,,,,,,,,,,,,,
Transportation,35-39,2017,915,448,4,,,,,,,,,,,,,
Transportation,40-44,2017,891,464,2,,,,,,,,,,,,,
Transportation,45-49,2017,989,555,2,,,,,,,,,,,,,
Transportation,50-54,2017,982,635,2,,,,,,,,,,,,,
Transportation,55-59,2017,938,554,2,,,,,,,,,,,,,
Transportation,60-64,2017,563,374,0,,,,,,,,,,,,,
Transportation,65+,2017,419,188,3,,,,,,,,,,,,,
Transportation,Not Available,2017,5,0,0,,,,,,,,,,,,,
Agriculture,15-19,2018,139,65,0,,,,,,,,,,,,,
Agriculture,20-24,2018,346,202,1,,,,,,,,,,,,,
Agriculture,25-29,2018,393,225,0,,,,,,,,,,,,,
Agriculture,30-34,2018,304,159,0,,,,,,,,,,,,,
Agriculture,35-39,2018,227,125,0,,,,,,,,,,,,,
Agriculture,40-44,2018,196,130,0,,,,,,,,,,,,,
Agriculture,45-49,2018,162,84,1,,,,,,,,,,,,,
Agriculture,50-54,2018,170,89,1,,,,,,,,,,,,,
Agriculture,55-59,2018,160,91,0,,,,,,,,,,,,,
Agriculture,60-64,2018,60,63,0,,,,,,,,,,,,,
Agriculture,65+,2018,45,24,0,,,,,,,,,,,,,
Agriculture,Not Available,2018,6,1,0,,,,,,,,,,,,,
Automotive,15-19,2018,195,39,0,,,,,,,,,,,,,
Automotive,20-24,2018,833,159,0,,,,,,,,,,,,,
Automotive,25-29,2018,905,201,0,,,,,,,,,,,,,
Automotive,30-34,2018,765,147,0,,,,,,,,,,,,,
Automotive,35-39,2018,843,180,0,,,,,,,,,,,,,
Automotive,40-44,2018,864,214,0,,,,,,,,,,,,,
Automotive,45-49,2018,1046,243,0,,,,,,,,,,,,,
Automotive,50-54,2018,1115,263,0,,,,,,,,,,,,,
Automotive,55-59,2018,877,245,1,,,,,,,,,,,,,
Automotive,60-64,2018,437,128,0,,,,,,,,,,,,,
Automotive,65+,2018,189,30,1,,,,,,,,,,,,,
Automotive,Not Available,2018,0,0,0,,,,,,,,,,,,,
Chemicals/Process,15-19,2018,57,17,0,,,,,,,,,,,,,
Chemicals/Process,20-24,2018,223,52,0,,,,,,,,,,,,,
Chemicals/Process,25-29,2018,266,104,0,,,,,,,,,,,,,
Chemicals/Process,30-34,2018,225,86,0,,,,,,,,,,,,,
Chemicals/Process,35-39,2018,238,85,0,,,,,,,,,,,,,
Chemicals/Process,40-44,2018,268,67,0,,,,,,,,,,,,,
Chemicals/Process,45-49,2018,326,113,0,,,,,,,,,,,,,
Chemicals/Process,50-54,2018,347,103,0,,,,,,,,,,,,,
Chemicals/Process,55-59,2018,308,129,0,,,,,,,,,,,,,
Chemicals/Process,60-64,2018,206,85,0,,,,,,,,,,,,,
Chemicals/Process,65+,2018,103,14,0,,,,,,,,,,,,,
Chemicals/Process,Not Available,2018,1,0,0,,,,,,,,,,,,,
Construction,15-19,2018,482,163,0,,,,,,,,,,,,,
Construction,20-24,2018,2105,604,2,,,,,,,,,,,,,
Construction,25-29,2018,2569,754,2,,,,,,,,,,,,,
Construction,30-34,2018,2247,650,2,,,,,,,,,,,,,
Construction,35-39,2018,1772,568,1,,,,,,,,,,,,,
Construction,40-44,2018,1367,446,1,,,,,,,,,,,,,
Construction,45-49,2018,1239,399,0,,,,,,,,,,,,,
Construction,50-54,2018,1351,487,2,,,,,,,,,,,,,
Construction,55-59,2018,1183,389,8,,,,,,,,,,,,,
Construction,60-64,2018,611,246,3,,,,,,,,,,,,,
Construction,65+,2018,499,84,5,,,,,,,,,,,,,
Construction,Not Available,2018,9,0,0,,,,,,,,,,,,,
Education,15-19,2018,241,93,0,,,,,,,,,,,,,
Education,20-24,2018,115,42,0,,,,,,,,,,,,,
Education,25-29,2018,99,38,0,,,,,,,,,,,,,
Education,30-34,2018,90,34,0,,,,,,,,,,,,,
Education,35-39,2018,87,56,0,,,,,,,,,,,,,
Education,40-44,2018,104,44,0,,,,,,,,,,,,,
Education,45-49,2018,125,70,0,,,,,,,,,,,,,
Education,50-54,2018,140,97,0,,,,,,,,,,,,,
Education,55-59,2018,158,109,0,,,,,,,,,,,,,
Education,60-64,2018,99,51,0,,,,,,,,,,,,,
Education,65+,2018,51,28,0,,,,,,,,,,,,,
Education,Not Available,2018,3,2,0,,,,,,,,,,,,,
Electrical,15-19,2018,20,2,1,,,,,,,,,,,,,
Electrical,20-24,2018,162,39,0,,,,,,,,,,,,,
Electrical,25-29,2018,240,57,2,,,,,,,,,,,,,
Electrical,30-34,2018,231,58,0,,,,,,,,,,,,,
Electrical,35-39,2018,188,52,0,,,,,,,,,,,,,
Electrical,40-44,2018,155,39,0,,,,,,,,,,,,,
Electrical,45-49,2018,118,37,0,,,,,,,,,,,,,
Electrical,50-54,2018,140,32,0,,,,,,,,,,,,,
Electrical,55-59,2018,101,36,0,,,,,,,,,,,,,
Electrical,60-64,2018,51,17,0,,,,,,,,,,,,,
Electrical,65+,2018,34,9,0,,,,,,,,,,,,,
Electrical,Not Available,2018,2,0,0,,,,,,,,,,,,,
Food,15-19,2018,121,31,0,,,,,,,,,,,,,
Food,20-24,2018,375,102,0,,,,,,,,,,,,,
Food,25-29,2018,405,111,0,,,,,,,,,,,,,
Food,30-34,2018,399,123,0,,,,,,,,,,,,,
Food,35-39,2018,423,123,0,,,,,,,,,,,,,
Food,40-44,2018,472,136,0,,,,,,,,,,,,,
Food,45-49,2018,526,161,0,,,,,,,,,,,,,
Food,50-54,2018,558,166,0,,,,,,,,,,,,,
Food,55-59,2018,490,165,0,,,,,,,,,,,,,
Food,60-64,2018,312,105,0,,,,,,,,,,,,,
Food,65+,2018,147,35,0,,,,,,,,,,,,,
Food,Not Available,2018,2,1,0,,,,,,,,,,,,,
Forestry,15-19,2018,34,5,0,,,,,,,,,,,,,
Forestry,20-24,2018,108,13,0,,,,,,,,,,,,,
Forestry,25-29,2018,65,23,0,,,,,,,,,,,,,
Forestry,30-34,2018,56,18,0,,,,,,,,,,,,,
Forestry,35-39,2018,36,17,0,,,,,,,,,,,,,
Forestry,40-44,2018,49,19,0,,,,,,,,,,,,,
Forestry,45-49,2018,53,12,1,,,,,,,,,,,,,
Forestry,50-54,2018,49,19,0,,,,,,,,,,,,,
Forestry,55-59,2018,70,21,1,,,,,,,,,,,,,
Forestry,60-64,2018,52,15,1,,,,,,,,,,,,,
Forestry,65+,2018,49,2,0,,,,,,,,,,,,,
Forestry,Not Available,2018,0,0,0,,,,,,,,,,,,,
Health Care,15-19,2018,110,36,0,,,,,,,,,,,,,
Health Care,20-24,2018,1150,512,0,,,,,,,,,,,,,
Health Care,25-29,2018,1907,835,0,,,,,,,,,,,,,
Health Care,30-34,2018,1775,850,0,,,,,,,,,,,,,
Health Care,35-39,2018,1720,858,0,,,,,,,,,,,,,
Health Care,40-44,2018,1825,913,0,,,,,,,,,,,,,
Health Care,45-49,2018,1943,994,0,,,,,,,,,,,,,
Health Care,50-54,2018,2119,1052,0,,,,,,,,,,,,,
Health Care,55-59,2018,1796,987,0,,,,,,,,,,,,,
Health Care,60-64,2018,1024,581,0,,,,,,,,,,,,,
Health Care,65+,2018,331,200,0,,,,,,,,,,,,,
Health Care,Not Available,2018,7,0,0,,,,,,,,,,,,,
Manufacturing,15-19,2018,593,177,0,,,,,,,,,,,,,
Manufacturing,20-24,2018,2432,697,1,,,,,,,,,,,,,
Manufacturing,25-29,2018,2446,774,0,,,,,,,,,,,,,
Manufacturing,30-34,2018,2019,683,0,,,,,,,,,,,,,
Manufacturing,35-39,2018,1944,683,0,,,,,,,,,,,,,
Manufacturing,40-44,2018,1803,688,1,,,,,,,,,,,,,
Manufacturing,45-49,2018,1929,751,1,,,,,,,,,,,,,
Manufacturing,50-54,2018,2175,918,2,,,,,,,,,,,,,
Manufacturing,55-59,2018,2148,906,1,,,,,,,,,,,,,
Manufacturing,60-64,2018,1438,614,1,,,,,,,,,,,,,
Manufacturing,65+,2018,819,244,1,,,,,,,,,,,,,
Manufacturing,Not Available,2018,14,0,0,,,,,,,,,,,,,
Mining,15-19,2018,23,2,0,,,,,,,,,,,,,
Mining,20-24,2018,87,13,0,,,,,,,,,,,,,
Mining,25-29,2018,142,20,0,,,,,,,,,,,,,
Mining,30-34,2018,130,24,0,,,,,,,,,,,,,
Mining,35-39,2018,113,23,0,,,,,,,,,,,,,
Mining,40-44,2018,109,25,0,,,,,,,,,,,,,
Mining,45-49,2018,112,24,0,,,,,,,,,,,,,
Mining,50-54,2018,123,16,0,,,,,,,,,,,,,
Mining,55-59,2018,115,19,0,,,,,,,,,,,,,
Mining,60-64,2018,95,11,0,,,,,,,,,,,,,
Mining,65+,2018,79,4,0,,,,,,,,,,,,,
Mining,Not Available,2018,1,0,0,,,,,,,,,,,,,
Municipal,15-19,2018,93,43,0,,,,,,,,,,,,,
Municipal,20-24,2018,139,63,0,,,,,,,,,,,,,
Municipal,25-29,2018,133,61,0,,,,,,,,,,,,,
Municipal,30-34,2018,127,61,0,,,,,,,,,,,,,
Municipal,35-39,2018,124,80,0,,,,,,,,,,,,,
Municipal,40-44,2018,133,100,1,,,,,,,,,,,,,
Municipal,45-49,2018,145,98,0,,,,,,,,,,,,,
Municipal,50-54,2018,147,99,0,,,,,,,,,,,,,
Municipal,55-59,2018,139,82,0,,,,,,,,,,,,,
Municipal,60-64,2018,65,46,1,,,,,,,,,,,,,
Municipal,65+,2018,54,21,0,,,,,,,,,,,,,
Municipal,Not Available,2018,0,1,0,,,,,,,,,,,,,
Primary Metals,15-19,2018,33,3,0,,,,,,,,,,,,,
Primary Metals,20-24,2018,122,21,0,,,,,,,,,,,,,
Primary Metals,25-29,2018,167,27,0,,,,,,,,,,,,,
Primary Metals,30-34,2018,154,38,0,,,,,,,,,,,,,
Primary Metals,35-39,2018,163,38,0,,,,,,,,,,,,,
Primary Metals,40-44,2018,185,36,0,,,,,,,,,,,,,
Primary Metals,45-49,2018,173,36,0,,,,,,,,,,,,,
Primary Metals,50-54,2018,180,41,0,,,,,,,,,,,,,
Primary Metals,55-59,2018,237,41,0,,,,,,,,,,,,,
Primary Metals,60-64,2018,128,20,0,,,,,,,,,,,,,
Primary Metals,65+,2018,154,7,0,,,,,,,,,,,,,
Primary Metals,Not Available,2018,0,0,0,,,,,,,,,,,,,
Pulp & Paper,15-19,2018,4,0,0,,,,,,,,,,,,,
Pulp & Paper,20-24,2018,32,10,0,,,,,,,,,,,,,
Pulp & Paper,25-29,2018,44,8,0,,,,,,,,,,,,,
Pulp & Paper,30-34,2018,39,7,0,,,,,,,,,,,,,
Pulp & Paper,35-39,2018,30,9,0,,,,,,,,,,,,,
Pulp & Paper,40-44,2018,34,17,0,,,,,,,,,,,,,
Pulp & Paper,45-49,2018,51,15,0,,,,,,,,,,,,,
Pulp & Paper,50-54,2018,45,13,0,,,,,,,,,,,,,
Pulp & Paper,55-59,2018,57,21,0,,,,,,,,,,,,,
Pulp & Paper,60-64,2018,54,14,0,,,,,,,,,,,,,
Pulp & Paper,65+,2018,36,4,0,,,,,,,,,,,,,
Pulp & Paper,Not Available,2018,0,0,0,,,,,,,,,,,,,
Schedule 2,15-19,2018,246,191,0,,,,,,,,,,,,,
Schedule 2,20-24,2018,928,577,0,,,,,,,,,,,,,
Schedule 2,25-29,2018,1537,1476,0,,,,,,,,,,,,,
Schedule 2,30-34,2018,1553,1758,0,,,,,,,,,,,,,
Schedule 2,35-39,2018,1761,2017,0,,,,,,,,,,,,,
Schedule 2,40-44,2018,1901,2252,0,,,,,,,,,,,,,
Schedule 2,45-49,2018,2015,2350,0,,,,,,,,,,,,,
Schedule 2,50-54,2018,2136,2502,1,,,,,,,,,,,,,
Schedule 2,55-59,2018,1785,1940,1,,,,,,,,,,,,,
Schedule 2,60-64,2018,918,937,0,,,,,,,,,,,,,
Schedule 2,65+,2018,519,334,0,,,,,,,,,,,,,
Schedule 2,Not Available,2018,9,2,0,,,,,,,,,,,,,
Services,15-19,2018,3220,1372,0,,,,,,,,,,,,,
Services,20-24,2018,5407,2696,0,,,,,,,,,,,,,
Services,25-29,2018,3886,2078,1,,,,,,,,,,,,,
Services,30-34,2018,2763,1477,3,,,,,,,,,,,,,
Services,35-39,2018,2343,1283,0,,,,,,,,,,,,,
Services,40-44,2018,2170,1187,0,,,,,,,,,,,,,
Services,45-49,2018,2317,1325,0,,,,,,,,,,,,,
Services,50-54,2018,2394,1525,3,,,,,,,,,,,,,
Services,55-59,2018,2341,1434,0,,,,,,,,,,,,,
Services,60-64,2018,1464,945,0,,,,,,,,,,,,,
Services,65+,2018,879,473,0,,,,,,,,,,,,,
Services,Not Available,2018,52,10,0,,,,,,,,,,,,,
Transportation,15-19,2018,340,123,0,,,,,,,,,,,,,
Transportation,20-24,2018,1116,500,0,,,,,,,,,,,,,
Transportation,25-29,2018,1000,519,2,,,,,,,,,,,,,
Transportation,30-34,2018,955,484,2,,,,,,,,,,,,,
Transportation,35-39,2018,864,532,0,,,,,,,,,,,,,
Transportation,40-44,2018,901,476,2,,,,,,,,,,,,,
Transportation,45-49,2018,950,588,2,,,,,,,,,,,,,
Transportation,50-54,2018,984,656,3,,,,,,,,,,,,,
Transportation,55-59,2018,1058,633,2,,,,,,,,,,,,,
Transportation,60-64,2018,694,454,4,,,,,,,,,,,,,
Transportation,65+,2018,449,215,1,,,,,,,,,,,,,
Transportation,Not Available,2018,3,2,0,,,,,,,,,,,,,
Agriculture,15-19,2019,122,87,0,,,,,,,,,,,,,
Agriculture,20-24,2019,396,218,1,,,,,,,,,,,,,
Agriculture,25-29,2019,410,186,0,,,,,,,,,,,,,
Agriculture,30-34,2019,347,192,0,,,,,,,,,,,,,
Agriculture,35-39,2019,261,140,0,,,,,,,,,,,,,
Agriculture,40-44,2019,217,107,1,,,,,,,,,,,,,
Agriculture,45-49,2019,173,108,0,,,,,,,,,,,,,
Agriculture,50-54,2019,165,97,0,,,,,,,,,,,,,
Agriculture,55-59,2019,156,86,0,,,,,,,,,,,,,
Agriculture,60-64,2019,85,51,0,,,,,,,,,,,,,
Agriculture,65+,2019,63,25,1,,,,,,,,,,,,,
Agriculture,Not Available,2019,9,2,0,,,,,,,,,,,,,
Automotive,15-19,2019,177,26,1,,,,,,,,,,,,,
Automotive,20-24,2019,762,123,0,,,,,,,,,,,,,
Automotive,25-29,2019,805,140,0,,,,,,,,,,,,,
Automotive,30-34,2019,691,126,0,,,,,,,,,,,,,
Automotive,35-39,2019,735,134,0,,,,,,,,,,,,,
Automotive,40-44,2019,867,135,0,,,,,,,,,,,,,
Automotive,45-49,2019,909,189,0,,,,,,,,,,,,,
Automotive,50-54,2019,968,243,0,,,,,,,,,,,,,
Automotive,55-59,2019,877,216,0,,,,,,,,,,,,,
Automotive,60-64,2019,463,138,0,,,,,,,,,,,,,
Automotive,65+,2019,198,39,0,,,,,,,,,,,,,
Automotive,Not Available,2019,2,0,0,,,,,,,,,,,,,
Chemicals/Process,15-19,2019,39,14,0,,,,,,,,,,,,,
Chemicals/Process,20-24,2019,203,69,0,,,,,,,,,,,,,
Chemicals/Process,25-29,2019,272,82,0,,,,,,,,,,,,,
Chemicals/Process,30-34,2019,242,85,0,,,,,,,,,,,,,
Chemicals/Process,35-39,2019,243,92,0,,,,,,,,,,,,,
Chemicals/Process,40-44,2019,275,84,0,,,,,,,,,,,,,
Chemicals/Process,45-49,2019,261,115,0,,,,,,,,,,,,,
Chemicals/Process,50-54,2019,324,110,0,,,,,,,,,,,,,
Chemicals/Process,55-59,2019,328,120,0,,,,,,,,,,,,,
Chemicals/Process,60-64,2019,203,66,0,,,,,,,,,,,,,
Chemicals/Process,65+,2019,120,28,1,,,,,,,,,,,,,
Chemicals/Process,Not Available,2019,2,0,0,,,,,,,,,,,,,
Construction,15-19,2019,575,180,3,,,,,,,,,,,,,
Construction,20-24,2019,2194,617,1,,,,,,,,,,,,,
Construction,25-29,2019,2632,729,4,,,,,,,,,,,,,
Construction,30-34,2019,2288,678,3,,,,,,,,,,,,,
Construction,35-39,2019,1930,604,2,,,,,,,,,,,,,
Construction,40-44,2019,1492,460,0,,,,,,,,,,,,,
Construction,45-49,2019,1225,435,1,,,,,,,,,,,,,
Construction,50-54,2019,1165,470,4,,,,,,,,,,,,,
Construction,55-59,2019,1168,392,0,,,,,,,,,,,,,
Construction,60-64,2019,640,226,2,,,,,,,,,,,,,
Construction,65+,2019,615,103,2,,,,,,,,,,,,,
Construction,Not Available,2019,14,1,1,,,,,,,,,,,,,
Education,15-19,2019,212,123,0,,,,,,,,,,,,,
Education,20-24,2019,125,62,0,,,,,,,,,,,,,
Education,25-29,2019,117,50,0,,,,,,,,,,,,,
Education,30-34,2019,87,56,0,,,,,,,,,,,,,
Education,35-39,2019,130,50,0,,,,,,,,,,,,,
Education,40-44,2019,108,67,0,,,,,,,,,,,,,
Education,45-49,2019,140,63,0,,,,,,,,,,,,,
Education,50-54,2019,172,91,0,,,,,,,,,,,,,
Education,55-59,2019,175,95,0,,,,,,,,,,,,,
Education,60-64,2019,113,74,0,,,,,,,,,,,,,
Education,65+,2019,54,24,0,,,,,,,,,,,,,
Education,Not Available,2019,9,1,0,,,,,,,,,,,,,
Electrical,15-19,2019,23,7,0,,,,,,,,,,,,,
Electrical,20-24,2019,175,24,0,,,,,,,,,,,,,
Electrical,25-29,2019,224,75,1,,,,,,,,,,,,,
Electrical,30-34,2019,224,62,0,,,,,,,,,,,,,
Electrical,35-39,2019,154,37,0,,,,,,,,,,,,,
Electrical,40-44,2019,149,43,0,,,,,,,,,,,,,
Electrical,45-49,2019,106,38,0,,,,,,,,,,,,,
Electrical,50-54,2019,131,45,0,,,,,,,,,,,,,
Electrical,55-59,2019,116,42,0,,,,,,,,,,,,,
Electrical,60-64,2019,49,18,0,,,,,,,,,,,,,
Electrical,65+,2019,33,7,0,,,,,,,,,,,,,
Electrical,Not Available,2019,0,0,0,,,,,,,,,,,,,
Food,15-19,2019,108,39,0,,,,,,,,,,,,,
Food,20-24,2019,392,99,0,,,,,,,,,,,,,
Food,25-29,2019,453,119,0,,,,,,,,,,,,,
Food,30-34,2019,385,115,0,,,,,,,,,,,,,
Food,35-39,2019,424,127,0,,,,,,,,,,,,,
Food,40-44,2019,462,124,0,,,,,,,,,,,,,
Food,45-49,2019,495,134,0,,,,,,,,,,,,,
Food,50-54,2019,534,169,0,,,,,,,,,,,,,
Food,55-59,2019,536,168,0,,,,,,,,,,,,,
Food,60-64,2019,327,106,0,,,,,,,,,,,,,
Food,65+,2019,178,33,0,,,,,,,,,,,,,
Food,Not Available,2019,3,1,0,,,,,,,,,,,,,
Forestry,15-19,2019,36,9,1,,,,,,,,,,,,,
Forestry,20-24,2019,92,20,0,,,,,,,,,,,,,
Forestry,25-29,2019,74,16,0,,,,,,,,,,,,,
Forestry,30-34,2019,49,10,0,,,,,,,,,,,,,
Forestry,35-39,2019,58,12,0,,,,,,,,,,,,,
Forestry,40-44,2019,47,9,1,,,,,,,,,,,,,
Forestry,45-49,2019,40,13,0,,,,,,,,,,,,,
Forestry,50-54,2019,53,18,0,,,,,,,,,,,,,
Forestry,55-59,2019,67,26,0,,,,,,,,,,,,,
Forestry,60-64,2019,49,16,0,,,,,,,,,,,,,
Forestry,65+,2019,49,4,0,,,,,,,,,,,,,
Forestry,Not Available,2019,0,0,0,,,,,,,,,,,,,
Health Care,15-19,2019,106,50,0,,,,,,,,,,,,,
Health Care,20-24,2019,1226,555,0,,,,,,,,,,,,,
Health Care,25-29,2019,2001,961,0,,,,,,,,,,,,,
Health Care,30-34,2019,1867,912,0,,,,,,,,,,,,,
Health Care,35-39,2019,1862,925,0,,,,,,,,,,,,,
Health Care,40-44,2019,1754,999,0,,,,,,,,,,,,,
Health Care,45-49,2019,1957,1031,0,,,,,,,,,,,,,
Health Care,50-54,2019,2074,1112,0,,,,,,,,,,,,,
Health Care,55-59,2019,1894,1023,0,,,,,,,,,,,,,
Health Care,60-64,2019,1088,597,1,,,,,,,,,,,,,
Health Care,65+,2019,380,254,0,,,,,,,,,,,,,
Health Care,Not Available,2019,11,2,0,,,,,,,,,,,,,
Manufacturing,15-19,2019,611,163,0,,,,,,,,,,,,,
Manufacturing,20-24,2019,2413,759,1,,,,,,,,,,,,,
Manufacturing,25-29,2019,2492,820,0,,,,,,,,,,,,,
Manufacturing,30-34,2019,2101,701,0,,,,,,,,,,,,,
Manufacturing,35-39,2019,1837,648,1,,,,,,,,,,,,,
Manufacturing,40-44,2019,1839,735,1,,,,,,,,,,,,,
Manufacturing,45-49,2019,1889,751,1,,,,,,,,,,,,,
Manufacturing,50-54,2019,2141,861,0,,,,,,,,,,,,,
Manufacturing,55-59,2019,2308,890,1,,,,,,,,,,,,,
Manufacturing,60-64,2019,1421,623,0,,,,,,,,,,,,,
Manufacturing,65+,2019,786,251,0,,,,,,,,,,,,,
Manufacturing,Not Available,2019,10,3,0,,,,,,,,,,,,,
Mining,15-19,2019,21,3,0,,,,,,,,,,,,,
Mining,20-24,2019,101,13,0,,,,,,,,,,,,,
Mining,25-29,2019,135,23,0,,,,,,,,,,,,,
Mining,30-34,2019,135,16,0,,,,,,,,,,,,,
Mining,35-39,2019,140,32,0,,,,,,,,,,,,,
Mining,40-44,2019,93,25,0,,,,,,,,,,,,,
Mining,45-49,2019,118,19,0,,,,,,,,,,,,,
Mining,50-54,2019,90,29,0,,,,,,,,,,,,,
Mining,55-59,2019,115,30,0,,,,,,,,,,,,,
Mining,60-64,2019,83,15,0,,,,,,,,,,,,,
Mining,65+,2019,92,9,0,,,,,,,,,,,,,
Mining,Not Available,2019,1,0,0,,,,,,,,,,,,,
Municipal,15-19,2019,99,45,0,,,,,,,,,,,,,
Municipal,20-24,2019,142,62,0,,,,,,,,,,,,,
Municipal,25-29,2019,156,72,0,,,,,,,,,,,,,
Municipal,30-34,2019,166,70,0,,,,,,,,,,,,,
Municipal,35-39,2019,123,79,0,,,,,,,,,,,,,
Municipal,40-44,2019,129,88,0,,,,,,,,,,,,,
Municipal,45-49,2019,139,78,0,,,,,,,,,,,,,
Municipal,50-54,2019,160,106,0,,,,,,,,,,,,,
Municipal,55-59,2019,140,91,0,,,,,,,,,,,,,
Municipal,60-64,2019,89,46,0,,,,,,,,,,,,,
Municipal,65+,2019,50,36,0,,,,,,,,,,,,,
Municipal,Not Available,2019,3,0,0,,,,,,,,,,,,,
Primary Metals,15-19,2019,21,1,0,,,,,,,,,,,,,
Primary Metals,20-24,2019,105,20,0,,,,,,,,,,,,,
Primary Metals,25-29,2019,162,36,0,,,,,,,,,,,,,
Primary Metals,30-34,2019,170,23,0,,,,,,,,,,,,,
Primary Metals,35-39,2019,168,24,0,,,,,,,,,,,,,
Primary Metals,40-44,2019,180,33,0,,,,,,,,,,,,,
Primary Metals,45-49,2019,189,41,0,,,,,,,,,,,,,
Primary Metals,50-54,2019,183,28,0,,,,,,,,,,,,,
Primary Metals,55-59,2019,222,49,0,,,,,,,,,,,,,
Primary Metals,60-64,2019,161,27,0,,,,,,,,,,,,,
Primary Metals,65+,2019,108,7,0,,,,,,,,,,,,,
Primary Metals,Not Available,2019,0,0,0,,,,,,,,,,,,,
Pulp & Paper,15-19,2019,6,1,0,,,,,,,,,,,,,
Pulp & Paper,20-24,2019,32,9,0,,,,,,,,,,,,,
Pulp & Paper,25-29,2019,43,10,0,,,,,,,,,,,,,
Pulp & Paper,30-34,2019,41,2,0,,,,,,,,,,,,,
Pulp & Paper,35-39,2019,44,13,0,,,,,,,,,,,,,
Pulp & Paper,40-44,2019,31,10,0,,,,,,,,,,,,,
Pulp & Paper,45-49,2019,43,14,0,,,,,,,,,,,,,
Pulp & Paper,50-54,2019,32,10,0,,,,,,,,,,,,,
Pulp & Paper,55-59,2019,51,13,0,,,,,,,,,,,,,
Pulp & Paper,60-64,2019,44,11,0,,,,,,,,,,,,,
Pulp & Paper,65+,2019,43,10,0,,,,,,,,,,,,,
Pulp & Paper,Not Available,2019,1,0,0,,,,,,,,,,,,,
Schedule 2,15-19,2019,255,183,0,,,,,,,,,,,,,
Schedule 2,20-24,2019,846,597,0,,,,,,,,,,,,,
Schedule 2,25-29,2019,1653,1490,2,,,,,,,,,,,,,
Schedule 2,30-34,2019,1773,1833,1,,,,,,,,,,,,,
Schedule 2,35-39,2019,1808,2026,0,,,,,,,,,,,,,
Schedule 2,40-44,2019,1851,2292,0,,,,,,,,,,,,,
Schedule 2,45-49,2019,1959,2358,0,,,,,,,,,,,,,
Schedule 2,50-54,2019,1988,2441,1,,,,,,,,,,,,,
Schedule 2,55-59,2019,1834,2062,1,,,,,,,,,,,,,
Schedule 2,60-64,2019,858,989,0,,,,,,,,,,,,,
Schedule 2,65+,2019,485,361,1,,,,,,,,,,,,,
Schedule 2,Not Available,2019,6,3,0,,,,,,,,,,,,,
Services,15-19,2019,3277,1313,0,,,,,,,,,,,,,
Services,20-24,2019,5351,2695,0,,,,,,,,,,,,,
Services,25-29,2019,4019,2017,0,,,,,,,,,,,,,
Services,30-34,2019,2805,1483,0,,,,,,,,,,,,,
Services,35-39,2019,2421,1252,0,,,,,,,,,,,,,
Services,40-44,2019,2223,1225,1,,,,,,,,,,,,,
Services,45-49,2019,2256,1288,0,,,,,,,,,,,,,
Services,50-54,2019,2336,1403,3,,,,,,,,,,,,,
Services,55-59,2019,2405,1450,2,,,,,,,,,,,,,
Services,60-64,2019,1575,980,1,,,,,,,,,,,,,
Services,65+,2019,895,542,0,,,,,,,,,,,,,
Services,Not Available,2019,73,10,0,,,,,,,,,,,,,
Transportation,15-19,2019,311,122,0,,,,,,,,,,,,,
Transportation,20-24,2019,1107,447,2,,,,,,,,,,,,,
Transportation,25-29,2019,1082,514,0,,,,,,,,,,,,,
Transportation,30-34,2019,979,500,2,,,,,,,,,,,,,
Transportation,35-39,2019,892,488,1,,,,,,,,,,,,,
Transportation,40-44,2019,921,551,1,,,,,,,,,,,,,
Transportation,45-49,2019,972,581,1,,,,,,,,,,,,,
Transportation,50-54,2019,1018,616,0,,,,,,,,,,,,,
Transportation,55-59,2019,1004,675,1,,,,,,,,,,,,,
Transportation,60-64,2019,681,495,2,,,,,,,,,,,,,
Transportation,65+,2019,468,268,1,,,,,,,,,,,,,
Transportation,Not Available,2019,3,0,0,,,,,,,,,,,,,
