"","Industry","AgeRange","Gender","Year","NLT_Claims","LT_Claims","F_Claims"
"1","Agriculture","20-24","Male","2011",218,122,0
"2","Agriculture","20-24","Male","2012",224,152,2
"3","Agriculture","20-24","Male","2013",270,162,0
"4","Agriculture","20-24","Male","2014",261,181,0
"5","Agriculture","20-24","Male","2015",282,186,0
"6","Agriculture","20-24","Male","2016",253,164,0
"7","Agriculture","20-24","Male","2017",280,187,0
"8","Agriculture","20-24","Male","2018",262,156,1
"9","Agriculture","20-24","Male","2019",286,153,1
"10","Agriculture","25-29","Male","2011",176,113,1
"11","Agriculture","25-29","Male","2012",212,118,0
"12","Agriculture","25-29","Male","2013",229,130,0
"13","Agriculture","25-29","Male","2014",244,141,0
"14","Agriculture","25-29","Male","2015",211,136,0
"15","Agriculture","25-29","Male","2016",257,165,0
"16","Agriculture","25-29","Male","2017",315,156,0
"17","Agriculture","25-29","Male","2018",317,179,0
"18","Agriculture","25-29","Male","2019",323,145,0
"19","Agriculture","30-34","Male","2011",150,88,1
"20","Agriculture","30-34","Male","2012",168,103,2
"21","Agriculture","30-34","Male","2013",187,132,1
"22","Agriculture","30-34","Male","2014",161,137,0
"23","Agriculture","30-34","Male","2015",173,123,0
"24","Agriculture","30-34","Male","2016",221,129,0
"25","Agriculture","30-34","Male","2017",247,133,0
"26","Agriculture","30-34","Male","2018",250,137,0
"27","Agriculture","30-34","Male","2019",274,159,0
"28","Agriculture","35-39","Male","2011",148,79,0
"29","Agriculture","35-39","Male","2012",123,83,1
"30","Agriculture","35-39","Male","2013",174,88,0
"31","Agriculture","35-39","Male","2014",159,99,0
"32","Agriculture","35-39","Male","2015",157,89,1
"33","Agriculture","35-39","Male","2016",175,100,0
"34","Agriculture","35-39","Male","2017",211,105,0
"35","Agriculture","35-39","Male","2018",186,105,0
"36","Agriculture","35-39","Male","2019",203,112,0
"37","Agriculture","40-44","Male","2011",121,81,0
"38","Agriculture","40-44","Male","2012",116,93,1
"39","Agriculture","40-44","Male","2013",136,107,0
"40","Agriculture","40-44","Male","2014",146,95,0
"41","Agriculture","40-44","Male","2015",148,92,0
"42","Agriculture","40-44","Male","2016",157,91,2
"43","Agriculture","40-44","Male","2017",163,99,1
"44","Agriculture","40-44","Male","2018",165,110,0
"45","Agriculture","40-44","Male","2019",174,90,1
"46","Agriculture","45-49","Male","2011",126,80,0
"47","Agriculture","45-49","Male","2012",109,86,6
"48","Agriculture","45-49","Male","2013",122,89,0
"49","Agriculture","45-49","Male","2014",120,78,0
"50","Agriculture","45-49","Male","2015",127,85,0
"51","Agriculture","45-49","Male","2016",135,70,0
"52","Agriculture","45-49","Male","2017",150,85,0
"53","Agriculture","45-49","Male","2018",126,67,1
"54","Agriculture","45-49","Male","2019",138,77,0
"55","Agriculture","50-54","Male","2011",79,60,0
"56","Agriculture","50-54","Male","2012",100,59,1
"57","Agriculture","50-54","Male","2013",97,72,2
"58","Agriculture","50-54","Male","2014",108,62,0
"59","Agriculture","50-54","Male","2015",112,76,0
"60","Agriculture","50-54","Male","2016",103,90,0
"61","Agriculture","50-54","Male","2017",118,70,0
"62","Agriculture","50-54","Male","2018",131,66,1
"63","Agriculture","50-54","Male","2019",125,70,0
"64","Agriculture","55-59","Male","2011",59,36,0
"65","Agriculture","55-59","Male","2012",52,51,1
"66","Agriculture","55-59","Male","2013",60,51,1
"67","Agriculture","55-59","Male","2014",83,52,2
"68","Agriculture","55-59","Male","2015",74,47,0
"69","Agriculture","55-59","Male","2016",84,51,0
"70","Agriculture","55-59","Male","2017",87,58,1
"71","Agriculture","55-59","Male","2018",109,59,0
"72","Agriculture","55-59","Male","2019",119,69,0
"73","Agriculture","60-64","Male","2011",37,23,0
"74","Agriculture","60-64","Male","2012",48,20,1
"75","Agriculture","60-64","Male","2013",49,38,3
"76","Agriculture","60-64","Male","2014",54,34,0
"77","Agriculture","60-64","Male","2015",56,28,0
"78","Agriculture","60-64","Male","2016",37,41,1
"79","Agriculture","60-64","Male","2017",59,39,1
"80","Agriculture","60-64","Male","2018",47,50,0
"81","Agriculture","60-64","Male","2019",64,45,0
"82","Agriculture","65+","Male","2011",16,8,0
"83","Agriculture","65+","Male","2012",22,13,0
"84","Agriculture","65+","Male","2013",32,8,1
"85","Agriculture","65+","Male","2014",27,15,0
"86","Agriculture","65+","Male","2015",31,16,1
"87","Agriculture","65+","Male","2016",29,22,0
"88","Agriculture","65+","Male","2017",31,19,0
"89","Agriculture","65+","Male","2018",36,22,0
"90","Agriculture","65+","Male","2019",54,24,1
"91","Automotive","30-34","Male","2011",698,129,0
"92","Automotive","30-34","Male","2012",711,126,1
"93","Automotive","30-34","Male","2013",613,127,0
"94","Automotive","30-34","Male","2014",547,115,0
"95","Automotive","30-34","Male","2015",623,80,0
"96","Automotive","30-34","Male","2016",632,104,0
"97","Automotive","30-34","Male","2017",596,104,0
"98","Automotive","30-34","Male","2018",572,118,0
"99","Automotive","30-34","Male","2019",513,83,0
"100","Automotive","55-59","Female","2011",178,63,0
"101","Automotive","55-59","Female","2012",196,47,0
"102","Automotive","55-59","Female","2013",206,41,0
"103","Automotive","55-59","Female","2014",215,38,1
"104","Automotive","55-59","Female","2015",229,46,0
"105","Automotive","55-59","Female","2016",241,60,0
"106","Automotive","55-59","Female","2017",256,55,0
"107","Automotive","55-59","Female","2018",273,82,0
"108","Automotive","55-59","Female","2019",268,72,0
"109","Automotive","65+","Male","2011",70,6,0
"110","Automotive","65+","Male","2012",60,7,0
"111","Automotive","65+","Male","2013",76,9,0
"112","Automotive","65+","Male","2014",104,9,0
"113","Automotive","65+","Male","2015",116,15,1
"114","Automotive","65+","Male","2016",98,14,0
"115","Automotive","65+","Male","2017",150,20,0
"116","Automotive","65+","Male","2018",160,23,1
"117","Automotive","65+","Male","2019",167,32,0
"118","Chemicals/Process","50-54","Male","2011",287,92,0
"119","Chemicals/Process","50-54","Male","2012",237,68,0
"120","Chemicals/Process","50-54","Male","2013",229,83,2
"121","Chemicals/Process","50-54","Male","2014",240,69,0
"122","Chemicals/Process","50-54","Male","2015",244,63,1
"123","Chemicals/Process","50-54","Male","2016",253,69,0
"124","Chemicals/Process","50-54","Male","2017",245,80,0
"125","Chemicals/Process","50-54","Male","2018",231,67,0
"126","Chemicals/Process","50-54","Male","2019",228,73,0
"127","Chemicals/Process","60-64","Male","2011",107,33,0
"128","Chemicals/Process","60-64","Male","2012",122,37,0
"129","Chemicals/Process","60-64","Male","2013",101,37,0
"130","Chemicals/Process","60-64","Male","2014",111,42,0
"131","Chemicals/Process","60-64","Male","2015",101,32,1
"132","Chemicals/Process","60-64","Male","2016",125,37,0
"133","Chemicals/Process","60-64","Male","2017",135,56,0
"134","Chemicals/Process","60-64","Male","2018",149,57,0
"135","Chemicals/Process","60-64","Male","2019",157,42,0
"136","Chemicals/Process","65+","Male","2011",53,10,0
"137","Chemicals/Process","65+","Male","2012",65,5,0
"138","Chemicals/Process","65+","Male","2013",67,11,0
"139","Chemicals/Process","65+","Male","2014",68,15,0
"140","Chemicals/Process","65+","Male","2015",85,20,0
"141","Chemicals/Process","65+","Male","2016",79,19,0
"142","Chemicals/Process","65+","Male","2017",96,8,1
"143","Chemicals/Process","65+","Male","2018",86,11,0
"144","Chemicals/Process","65+","Male","2019",98,25,1
"145","Construction","15-19","Male","2011",454,115,1
"146","Construction","15-19","Male","2012",451,127,0
"147","Construction","15-19","Male","2013",493,133,0
"148","Construction","15-19","Male","2014",462,135,1
"149","Construction","15-19","Male","2015",445,110,0
"150","Construction","15-19","Male","2016",394,141,1
"151","Construction","15-19","Male","2017",495,118,0
"152","Construction","15-19","Male","2018",469,156,0
"153","Construction","15-19","Male","2019",548,170,3
"154","Construction","20-24","Male","2011",1929,530,4
"155","Construction","20-24","Male","2012",2011,515,0
"156","Construction","20-24","Male","2013",2193,524,2
"157","Construction","20-24","Male","2014",2119,521,2
"158","Construction","20-24","Male","2015",1909,543,1
"159","Construction","20-24","Male","2016",1999,565,1
"160","Construction","20-24","Male","2017",2074,636,4
"161","Construction","20-24","Male","2018",2019,581,2
"162","Construction","20-24","Male","2019",2104,596,1
"163","Construction","25-29","Male","2011",2200,615,1
"164","Construction","25-29","Male","2012",2246,619,5
"165","Construction","25-29","Male","2013",2415,620,5
"166","Construction","25-29","Male","2014",2350,601,1
"167","Construction","25-29","Male","2015",2247,603,1
"168","Construction","25-29","Male","2016",2274,686,3
"169","Construction","25-29","Male","2017",2402,719,1
"170","Construction","25-29","Male","2018",2475,731,2
"171","Construction","25-29","Male","2019",2515,711,3
"172","Construction","30-34","Male","2011",1830,547,1
"173","Construction","30-34","Male","2012",1923,552,2
"174","Construction","30-34","Male","2013",2022,626,1
"175","Construction","30-34","Male","2014",2096,553,2
"176","Construction","30-34","Male","2015",1993,526,2
"177","Construction","30-34","Male","2016",1974,566,1
"178","Construction","30-34","Male","2017",2100,654,5
"179","Construction","30-34","Male","2018",2175,634,2
"180","Construction","30-34","Male","2019",2218,655,3
"181","Construction","35-39","Female","2011",36,17,0
"182","Construction","35-39","Female","2012",26,8,0
"183","Construction","35-39","Female","2013",39,14,0
"184","Construction","35-39","Female","2014",35,18,0
"185","Construction","35-39","Female","2015",49,22,0
"186","Construction","35-39","Female","2016",39,9,0
"187","Construction","35-39","Female","2017",42,12,1
"188","Construction","35-39","Female","2018",54,17,0
"189","Construction","35-39","Female","2019",44,18,0
"190","Construction","35-39","Male","2011",1400,454,1
"191","Construction","35-39","Male","2012",1484,455,0
"192","Construction","35-39","Male","2013",1593,469,3
"193","Construction","35-39","Male","2014",1603,474,3
"194","Construction","35-39","Male","2015",1553,452,4
"195","Construction","35-39","Male","2016",1604,522,0
"196","Construction","35-39","Male","2017",1633,562,3
"197","Construction","35-39","Male","2018",1717,551,1
"198","Construction","35-39","Male","2019",1885,586,2
"199","Construction","40-44","Male","2011",1334,460,2
"200","Construction","40-44","Male","2012",1359,454,2
"201","Construction","40-44","Male","2013",1341,442,4
"202","Construction","40-44","Male","2014",1332,420,3
"203","Construction","40-44","Male","2015",1172,393,5
"204","Construction","40-44","Male","2016",1256,408,6
"205","Construction","40-44","Male","2017",1278,441,1
"206","Construction","40-44","Male","2018",1327,429,1
"207","Construction","40-44","Male","2019",1453,445,0
"208","Construction","45-49","Male","2011",1407,523,2
"209","Construction","45-49","Male","2012",1419,478,1
"210","Construction","45-49","Male","2013",1446,491,2
"211","Construction","45-49","Male","2014",1336,471,1
"212","Construction","45-49","Male","2015",1229,464,2
"213","Construction","45-49","Male","2016",1150,428,1
"214","Construction","45-49","Male","2017",1177,459,0
"215","Construction","45-49","Male","2018",1206,386,0
"216","Construction","45-49","Male","2019",1183,421,1
"217","Construction","50-54","Male","2011",1121,434,2
"218","Construction","50-54","Male","2012",1133,435,1
"219","Construction","50-54","Male","2013",1184,438,3
"220","Construction","50-54","Male","2014",1204,488,4
"221","Construction","50-54","Male","2015",1190,449,2
"222","Construction","50-54","Male","2016",1204,503,3
"223","Construction","50-54","Male","2017",1259,476,2
"224","Construction","50-54","Male","2018",1313,478,2
"225","Construction","50-54","Male","2019",1135,456,4
"226","Construction","55-59","Male","2011",753,232,0
"227","Construction","55-59","Male","2012",751,272,2
"228","Construction","55-59","Male","2013",827,318,2
"229","Construction","55-59","Male","2014",862,310,3
"230","Construction","55-59","Male","2015",819,340,2
"231","Construction","55-59","Male","2016",912,375,2
"232","Construction","55-59","Male","2017",1004,389,1
"233","Construction","55-59","Male","2018",1166,383,8
"234","Construction","55-59","Male","2019",1134,383,0
"235","Construction","60-64","Male","2011",389,154,0
"236","Construction","60-64","Male","2012",414,163,0
"237","Construction","60-64","Male","2013",437,174,1
"238","Construction","60-64","Male","2014",447,166,0
"239","Construction","60-64","Male","2015",424,164,0
"240","Construction","60-64","Male","2016",476,189,3
"241","Construction","60-64","Male","2017",559,212,0
"242","Construction","60-64","Male","2018",593,241,3
"243","Construction","60-64","Male","2019",627,222,2
"244","Construction","65+","Male","2011",301,45,3
"245","Construction","65+","Male","2012",295,39,1
"246","Construction","65+","Male","2013",309,62,0
"247","Construction","65+","Male","2014",326,59,2
"248","Construction","65+","Male","2015",357,72,0
"249","Construction","65+","Male","2016",397,76,1
"250","Construction","65+","Male","2017",479,70,2
"251","Construction","65+","Male","2018",483,79,4
"252","Construction","65+","Male","2019",572,97,2
"253","Education","15-19","Male","2011",216,62,0
"254","Education","15-19","Male","2012",224,66,0
"255","Education","15-19","Male","2013",212,48,0
"256","Education","15-19","Male","2014",186,56,1
"257","Education","15-19","Male","2015",181,49,0
"258","Education","15-19","Male","2016",166,55,0
"259","Education","15-19","Male","2017",149,61,0
"260","Education","15-19","Male","2018",162,63,0
"261","Education","15-19","Male","2019",132,89,0
"262","Education","60-64","Female","2011",45,24,0
"263","Education","60-64","Female","2012",47,34,0
"264","Education","60-64","Female","2013",47,31,0
"265","Education","60-64","Female","2014",56,36,0
"266","Education","60-64","Female","2015",44,32,0
"267","Education","60-64","Female","2016",66,29,1
"268","Education","60-64","Female","2017",41,35,0
"269","Education","60-64","Female","2018",72,34,0
"270","Education","60-64","Female","2019",66,53,0
"271","Electrical","25-29","Male","2011",220,38,0
"272","Electrical","25-29","Male","2012",227,47,0
"273","Electrical","25-29","Male","2013",238,36,0
"274","Electrical","25-29","Male","2014",213,32,0
"275","Electrical","25-29","Male","2015",208,40,0
"276","Electrical","25-29","Male","2016",210,45,0
"277","Electrical","25-29","Male","2017",227,37,3
"278","Electrical","25-29","Male","2018",217,51,2
"279","Electrical","25-29","Male","2019",206,67,1
"280","Electrical","35-39","Male","2011",142,37,0
"281","Electrical","35-39","Male","2012",142,30,0
"282","Electrical","35-39","Male","2013",185,32,0
"283","Electrical","35-39","Male","2014",184,33,0
"284","Electrical","35-39","Male","2015",144,28,0
"285","Electrical","35-39","Male","2016",154,32,0
"286","Electrical","35-39","Male","2017",181,43,1
"287","Electrical","35-39","Male","2018",169,47,0
"288","Electrical","35-39","Male","2019",149,33,0
"289","Electrical","40-44","Male","2011",159,48,1
"290","Electrical","40-44","Male","2012",147,36,0
"291","Electrical","40-44","Male","2013",182,38,0
"292","Electrical","40-44","Male","2014",136,40,0
"293","Electrical","40-44","Male","2015",112,30,0
"294","Electrical","40-44","Male","2016",127,37,0
"295","Electrical","40-44","Male","2017",122,35,0
"296","Electrical","40-44","Male","2018",148,34,0
"297","Electrical","40-44","Male","2019",135,36,0
"298","Electrical","45-49","Male","2011",177,55,0
"299","Electrical","45-49","Male","2012",193,40,1
"300","Electrical","45-49","Male","2013",187,26,0
"301","Electrical","45-49","Male","2014",189,39,0
"302","Electrical","45-49","Male","2015",122,35,0
"303","Electrical","45-49","Male","2016",129,41,0
"304","Electrical","45-49","Male","2017",114,31,0
"305","Electrical","45-49","Male","2018",101,32,0
"306","Electrical","45-49","Male","2019",93,31,0
"307","Electrical","50-54","Male","2011",154,43,0
"308","Electrical","50-54","Male","2012",177,32,0
"309","Electrical","50-54","Male","2013",196,40,0
"310","Electrical","50-54","Male","2014",180,34,1
"311","Electrical","50-54","Male","2015",155,27,0
"312","Electrical","50-54","Male","2016",160,38,0
"313","Electrical","50-54","Male","2017",141,42,0
"314","Electrical","50-54","Male","2018",124,24,0
"315","Electrical","50-54","Male","2019",117,35,0
"316","Electrical","55-59","Male","2011",108,23,0
"317","Electrical","55-59","Male","2012",113,20,0
"318","Electrical","55-59","Male","2013",105,25,1
"319","Electrical","55-59","Male","2014",111,23,1
"320","Electrical","55-59","Male","2015",103,32,0
"321","Electrical","55-59","Male","2016",91,29,0
"322","Electrical","55-59","Male","2017",103,36,0
"323","Electrical","55-59","Male","2018",88,32,0
"324","Electrical","55-59","Male","2019",102,35,0
"325","Electrical","65+","Female","2011",0,0,0
"326","Electrical","65+","Female","2012",1,0,0
"327","Electrical","65+","Female","2013",1,3,1
"328","Electrical","65+","Female","2014",2,1,0
"329","Electrical","65+","Female","2015",1,1,0
"330","Electrical","65+","Female","2016",3,1,0
"331","Electrical","65+","Female","2017",2,0,0
"332","Electrical","65+","Female","2018",3,2,0
"333","Electrical","65+","Female","2019",4,1,0
"334","Food","25-29","Male","2011",330,77,1
"335","Food","25-29","Male","2012",286,76,0
"336","Food","25-29","Male","2013",303,85,1
"337","Food","25-29","Male","2014",274,71,0
"338","Food","25-29","Male","2015",250,65,0
"339","Food","25-29","Male","2016",270,83,0
"340","Food","25-29","Male","2017",315,79,0
"341","Food","25-29","Male","2018",283,80,0
"342","Food","25-29","Male","2019",329,88,0
"343","Food","30-34","Male","2011",366,96,1
"344","Food","30-34","Male","2012",344,78,0
"345","Food","30-34","Male","2013",281,75,0
"346","Food","30-34","Male","2014",278,65,0
"347","Food","30-34","Male","2015",259,59,0
"348","Food","30-34","Male","2016",266,85,0
"349","Food","30-34","Male","2017",287,71,0
"350","Food","30-34","Male","2018",275,86,0
"351","Food","30-34","Male","2019",288,81,0
"352","Food","40-44","Male","2011",366,102,0
"353","Food","40-44","Male","2012",373,111,0
"354","Food","40-44","Male","2013",325,79,0
"355","Food","40-44","Male","2014",334,78,0
"356","Food","40-44","Male","2015",303,85,0
"357","Food","40-44","Male","2016",313,81,1
"358","Food","40-44","Male","2017",313,86,0
"359","Food","40-44","Male","2018",306,83,0
"360","Food","40-44","Male","2019",290,79,0
"361","Food","45-49","Male","2011",423,107,0
"362","Food","45-49","Male","2012",390,114,0
"363","Food","45-49","Male","2013",358,93,0
"364","Food","45-49","Male","2014",302,84,0
"365","Food","45-49","Male","2015",319,88,1
"366","Food","45-49","Male","2016",296,91,0
"367","Food","45-49","Male","2017",314,90,0
"368","Food","45-49","Male","2018",338,96,0
"369","Food","45-49","Male","2019",304,79,0
"370","Food","55-59","Male","2011",277,77,0
"371","Food","55-59","Male","2012",268,65,1
"372","Food","55-59","Male","2013",318,76,0
"373","Food","55-59","Male","2014",298,81,0
"374","Food","55-59","Male","2015",268,86,0
"375","Food","55-59","Male","2016",286,88,0
"376","Food","55-59","Male","2017",304,94,0
"377","Food","55-59","Male","2018",296,102,0
"378","Food","55-59","Male","2019",337,107,0
"379","Forestry","20-24","Male","2011",49,14,0
"380","Forestry","20-24","Male","2012",49,9,1
"381","Forestry","20-24","Male","2013",59,18,0
"382","Forestry","20-24","Male","2014",51,17,0
"383","Forestry","20-24","Male","2015",64,24,0
"384","Forestry","20-24","Male","2016",80,21,0
"385","Forestry","20-24","Male","2017",62,23,0
"386","Forestry","20-24","Male","2018",84,12,0
"387","Forestry","20-24","Male","2019",66,16,0
"388","Forestry","25-29","Male","2011",38,13,0
"389","Forestry","25-29","Male","2012",36,14,0
"390","Forestry","25-29","Male","2013",46,14,1
"391","Forestry","25-29","Male","2014",46,13,0
"392","Forestry","25-29","Male","2015",67,14,0
"393","Forestry","25-29","Male","2016",45,23,0
"394","Forestry","25-29","Male","2017",48,13,1
"395","Forestry","25-29","Male","2018",57,19,0
"396","Forestry","25-29","Male","2019",61,15,0
"397","Forestry","30-34","Male","2011",27,9,0
"398","Forestry","30-34","Male","2012",40,11,0
"399","Forestry","30-34","Male","2013",34,17,1
"400","Forestry","30-34","Male","2014",40,6,0
"401","Forestry","30-34","Male","2015",41,8,0
"402","Forestry","30-34","Male","2016",41,12,0
"403","Forestry","30-34","Male","2017",52,9,0
"404","Forestry","30-34","Male","2018",52,16,0
"405","Forestry","30-34","Male","2019",45,10,0
"406","Forestry","35-39","Male","2011",28,15,1
"407","Forestry","35-39","Male","2012",42,5,0
"408","Forestry","35-39","Male","2013",33,13,0
"409","Forestry","35-39","Male","2014",33,10,0
"410","Forestry","35-39","Male","2015",40,10,0
"411","Forestry","35-39","Male","2016",38,10,0
"412","Forestry","35-39","Male","2017",42,18,0
"413","Forestry","35-39","Male","2018",32,14,0
"414","Forestry","35-39","Male","2019",51,10,0
"415","Forestry","40-44","Male","2011",39,16,0
"416","Forestry","40-44","Male","2012",39,17,0
"417","Forestry","40-44","Male","2013",44,14,0
"418","Forestry","40-44","Male","2014",35,16,0
"419","Forestry","40-44","Male","2015",40,8,0
"420","Forestry","40-44","Male","2016",42,17,1
"421","Forestry","40-44","Male","2017",36,18,0
"422","Forestry","40-44","Male","2018",40,16,0
"423","Forestry","40-44","Male","2019",36,8,1
"424","Forestry","45-49","Male","2011",52,28,1
"425","Forestry","45-49","Male","2012",42,21,0
"426","Forestry","45-49","Male","2013",55,10,0
"427","Forestry","45-49","Male","2014",40,11,0
"428","Forestry","45-49","Male","2015",45,17,0
"429","Forestry","45-49","Male","2016",35,17,0
"430","Forestry","45-49","Male","2017",50,11,0
"431","Forestry","45-49","Male","2018",47,11,1
"432","Forestry","45-49","Male","2019",37,12,0
"433","Forestry","50-54","Male","2011",72,17,0
"434","Forestry","50-54","Male","2012",47,16,0
"435","Forestry","50-54","Male","2013",59,12,0
"436","Forestry","50-54","Male","2014",57,17,0
"437","Forestry","50-54","Male","2015",61,30,2
"438","Forestry","50-54","Male","2016",48,18,0
"439","Forestry","50-54","Male","2017",62,20,0
"440","Forestry","50-54","Male","2018",48,14,0
"441","Forestry","50-54","Male","2019",45,16,0
"442","Forestry","65+","Male","2011",24,1,1
"443","Forestry","65+","Male","2012",29,3,0
"444","Forestry","65+","Male","2013",42,0,0
"445","Forestry","65+","Male","2014",55,5,0
"446","Forestry","65+","Male","2015",43,1,0
"447","Forestry","65+","Male","2016",42,3,0
"448","Forestry","65+","Male","2017",42,2,0
"449","Forestry","65+","Male","2018",46,2,0
"450","Forestry","65+","Male","2019",43,4,0
"451","Health Care","25-29","Female","2011",1256,625,0
"452","Health Care","25-29","Female","2012",1368,663,0
"453","Health Care","25-29","Female","2013",1403,601,0
"454","Health Care","25-29","Female","2014",1500,566,0
"455","Health Care","25-29","Female","2015",1390,586,1
"456","Health Care","25-29","Female","2016",1451,635,0
"457","Health Care","25-29","Female","2017",1628,619,1
"458","Health Care","25-29","Female","2018",1602,735,0
"459","Health Care","25-29","Female","2019",1677,827,0
"460","Health Care","25-29","Male","2011",229,90,0
"461","Health Care","25-29","Male","2012",239,82,0
"462","Health Care","25-29","Male","2013",263,72,0
"463","Health Care","25-29","Male","2014",243,77,0
"464","Health Care","25-29","Male","2015",266,74,0
"465","Health Care","25-29","Male","2016",195,74,0
"466","Health Care","25-29","Male","2017",259,99,1
"467","Health Care","25-29","Male","2018",305,100,0
"468","Health Care","25-29","Male","2019",319,134,0
"469","Health Care","30-34","Female","2011",1156,578,0
"470","Health Care","30-34","Female","2012",1199,587,0
"471","Health Care","30-34","Female","2013",1262,609,0
"472","Health Care","30-34","Female","2014",1337,612,1
"473","Health Care","30-34","Female","2015",1375,606,0
"474","Health Care","30-34","Female","2016",1395,655,0
"475","Health Care","30-34","Female","2017",1488,664,0
"476","Health Care","30-34","Female","2018",1523,721,0
"477","Health Care","30-34","Female","2019",1586,760,0
"478","Health Care","35-39","Female","2011",1317,670,0
"479","Health Care","35-39","Female","2012",1321,733,0
"480","Health Care","35-39","Female","2013",1334,659,1
"481","Health Care","35-39","Female","2014",1441,614,0
"482","Health Care","35-39","Female","2015",1289,629,0
"483","Health Care","35-39","Female","2016",1369,675,0
"484","Health Care","35-39","Female","2017",1466,668,0
"485","Health Care","35-39","Female","2018",1485,767,0
"486","Health Care","35-39","Female","2019",1602,809,0
"487","Health Care","40-44","Female","2011",1505,802,0
"488","Health Care","40-44","Female","2012",1459,817,1
"489","Health Care","40-44","Female","2013",1553,700,0
"490","Health Care","40-44","Female","2014",1573,689,0
"491","Health Care","40-44","Female","2015",1480,709,0
"492","Health Care","40-44","Female","2016",1432,700,0
"493","Health Care","40-44","Female","2017",1458,740,0
"494","Health Care","40-44","Female","2018",1587,811,0
"495","Health Care","40-44","Female","2019",1517,904,0
"496","Health Care","40-44","Male","2011",191,117,0
"497","Health Care","40-44","Male","2012",217,111,1
"498","Health Care","40-44","Male","2013",258,95,0
"499","Health Care","40-44","Male","2014",237,98,0
"500","Health Care","40-44","Male","2015",224,107,0
"501","Health Care","40-44","Male","2016",222,93,0
"502","Health Care","40-44","Male","2017",240,94,0
"503","Health Care","40-44","Male","2018",236,102,0
"504","Health Care","40-44","Male","2019",235,95,0
"505","Health Care","45-49","Female","2011",1804,949,1
"506","Health Care","45-49","Female","2012",1704,993,1
"507","Health Care","45-49","Female","2013",1683,835,0
"508","Health Care","45-49","Female","2014",1679,818,0
"509","Health Care","45-49","Female","2015",1587,767,0
"510","Health Care","45-49","Female","2016",1575,824,0
"511","Health Care","45-49","Female","2017",1655,791,0
"512","Health Care","45-49","Female","2018",1675,863,0
"513","Health Care","45-49","Female","2019",1708,903,0
"514","Health Care","65+","Male","2011",40,20,0
"515","Health Care","65+","Male","2012",25,9,0
"516","Health Care","65+","Male","2013",46,19,0
"517","Health Care","65+","Male","2014",40,16,0
"518","Health Care","65+","Male","2015",31,17,1
"519","Health Care","65+","Male","2016",40,25,0
"520","Health Care","65+","Male","2017",50,28,0
"521","Health Care","65+","Male","2018",50,34,0
"522","Health Care","65+","Male","2019",60,26,0
"523","Manufacturing","15-19","Male","2011",425,95,0
"524","Manufacturing","15-19","Male","2012",539,95,0
"525","Manufacturing","15-19","Male","2013",462,94,0
"526","Manufacturing","15-19","Male","2014",516,117,0
"527","Manufacturing","15-19","Male","2015",555,125,0
"528","Manufacturing","15-19","Male","2016",534,127,0
"529","Manufacturing","15-19","Male","2017",551,129,1
"530","Manufacturing","15-19","Male","2018",519,144,0
"531","Manufacturing","15-19","Male","2019",540,130,0
"532","Manufacturing","20-24","Female","2011",200,93,0
"533","Manufacturing","20-24","Female","2012",218,79,2
"534","Manufacturing","20-24","Female","2013",205,86,0
"535","Manufacturing","20-24","Female","2014",216,69,0
"536","Manufacturing","20-24","Female","2015",251,72,0
"537","Manufacturing","20-24","Female","2016",302,102,0
"538","Manufacturing","20-24","Female","2017",354,119,0
"539","Manufacturing","20-24","Female","2018",355,124,0
"540","Manufacturing","20-24","Female","2019",365,159,0
"541","Manufacturing","20-24","Male","2011",1827,433,0
"542","Manufacturing","20-24","Male","2012",1891,460,1
"543","Manufacturing","20-24","Male","2013",1848,449,0
"544","Manufacturing","20-24","Male","2014",1797,399,0
"545","Manufacturing","20-24","Male","2015",1921,437,0
"546","Manufacturing","20-24","Male","2016",1944,483,0
"547","Manufacturing","20-24","Male","2017",2029,514,1
"548","Manufacturing","20-24","Male","2018",2076,573,1
"549","Manufacturing","20-24","Male","2019",2041,600,1
"550","Manufacturing","25-29","Male","2011",2003,507,0
"551","Manufacturing","25-29","Male","2012",2004,526,1
"552","Manufacturing","25-29","Male","2013",1903,491,1
"553","Manufacturing","25-29","Male","2014",1806,497,1
"554","Manufacturing","25-29","Male","2015",1988,458,0
"555","Manufacturing","25-29","Male","2016",1878,515,2
"556","Manufacturing","25-29","Male","2017",1951,578,0
"557","Manufacturing","25-29","Male","2018",2082,630,0
"558","Manufacturing","25-29","Male","2019",2094,655,0
"559","Manufacturing","30-34","Male","2011",1922,545,0
"560","Manufacturing","30-34","Male","2012",1880,503,0
"561","Manufacturing","30-34","Male","2013",1839,486,2
"562","Manufacturing","30-34","Male","2014",1773,485,0
"563","Manufacturing","30-34","Male","2015",1736,453,0
"564","Manufacturing","30-34","Male","2016",1630,493,0
"565","Manufacturing","30-34","Male","2017",1696,515,1
"566","Manufacturing","30-34","Male","2018",1728,544,0
"567","Manufacturing","30-34","Male","2019",1793,571,0
"568","Manufacturing","35-39","Male","2011",1841,596,0
"569","Manufacturing","35-39","Male","2012",1851,544,0
"570","Manufacturing","35-39","Male","2013",1730,524,2
"571","Manufacturing","35-39","Male","2014",1684,511,1
"572","Manufacturing","35-39","Male","2015",1582,426,1
"573","Manufacturing","35-39","Male","2016",1509,509,1
"574","Manufacturing","35-39","Male","2017",1492,518,1
"575","Manufacturing","35-39","Male","2018",1614,568,0
"576","Manufacturing","35-39","Male","2019",1560,522,1
"577","Manufacturing","40-44","Male","2011",1892,599,1
"578","Manufacturing","40-44","Male","2012",1811,599,1
"579","Manufacturing","40-44","Male","2013",1691,544,0
"580","Manufacturing","40-44","Male","2014",1628,543,1
"581","Manufacturing","40-44","Male","2015",1582,462,0
"582","Manufacturing","40-44","Male","2016",1554,456,1
"583","Manufacturing","40-44","Male","2017",1484,473,0
"584","Manufacturing","40-44","Male","2018",1470,540,1
"585","Manufacturing","40-44","Male","2019",1466,571,1
"586","Manufacturing","45-49","Female","2011",524,269,0
"587","Manufacturing","45-49","Female","2012",496,212,0
"588","Manufacturing","45-49","Female","2013",443,226,0
"589","Manufacturing","45-49","Female","2014",416,145,0
"590","Manufacturing","45-49","Female","2015",419,163,0
"591","Manufacturing","45-49","Female","2016",365,170,0
"592","Manufacturing","45-49","Female","2017",381,175,1
"593","Manufacturing","45-49","Female","2018",387,205,0
"594","Manufacturing","45-49","Female","2019",396,193,0
"595","Manufacturing","45-49","Male","2011",2191,781,1
"596","Manufacturing","45-49","Male","2012",2118,686,0
"597","Manufacturing","45-49","Male","2013",1915,623,0
"598","Manufacturing","45-49","Male","2014",1754,616,0
"599","Manufacturing","45-49","Male","2015",1647,519,1
"600","Manufacturing","45-49","Male","2016",1625,616,2
"601","Manufacturing","45-49","Male","2017",1505,507,2
"602","Manufacturing","45-49","Male","2018",1541,546,1
"603","Manufacturing","45-49","Male","2019",1490,558,1
"604","Manufacturing","50-54","Male","2011",2023,755,1
"605","Manufacturing","50-54","Male","2012",2002,718,0
"606","Manufacturing","50-54","Male","2013",1891,694,0
"607","Manufacturing","50-54","Male","2014",1966,616,0
"608","Manufacturing","50-54","Male","2015",1946,619,0
"609","Manufacturing","50-54","Male","2016",1860,618,3
"610","Manufacturing","50-54","Male","2017",1693,602,1
"611","Manufacturing","50-54","Male","2018",1712,660,2
"612","Manufacturing","50-54","Male","2019",1662,621,0
"613","Manufacturing","55-59","Male","2011",1384,513,2
"614","Manufacturing","55-59","Male","2012",1444,525,2
"615","Manufacturing","55-59","Male","2013",1500,535,2
"616","Manufacturing","55-59","Male","2014",1529,554,1
"617","Manufacturing","55-59","Male","2015",1482,527,0
"618","Manufacturing","55-59","Male","2016",1499,591,0
"619","Manufacturing","55-59","Male","2017",1572,632,2
"620","Manufacturing","55-59","Male","2018",1720,677,1
"621","Manufacturing","55-59","Male","2019",1808,633,1
"622","Manufacturing","60-64","Male","2011",862,306,1
"623","Manufacturing","60-64","Male","2012",872,352,0
"624","Manufacturing","60-64","Male","2013",900,328,2
"625","Manufacturing","60-64","Male","2014",919,340,0
"626","Manufacturing","60-64","Male","2015",959,340,3
"627","Manufacturing","60-64","Male","2016",957,386,0
"628","Manufacturing","60-64","Male","2017",1103,381,2
"629","Manufacturing","60-64","Male","2018",1186,497,1
"630","Manufacturing","60-64","Male","2019",1144,497,0
"631","Manufacturing","65+","Male","2011",505,132,2
"632","Manufacturing","65+","Male","2012",559,115,0
"633","Manufacturing","65+","Male","2013",562,142,0
"634","Manufacturing","65+","Male","2014",606,141,0
"635","Manufacturing","65+","Male","2015",674,153,1
"636","Manufacturing","65+","Male","2016",644,201,1
"637","Manufacturing","65+","Male","2017",585,187,2
"638","Manufacturing","65+","Male","2018",719,190,0
"639","Manufacturing","65+","Male","2019",662,204,0
"640","Mining","20-24","Female","2011",14,3,0
"641","Mining","20-24","Female","2012",7,3,0
"642","Mining","20-24","Female","2013",10,0,0
"643","Mining","20-24","Female","2014",3,1,0
"644","Mining","20-24","Female","2015",9,2,1
"645","Mining","20-24","Female","2016",4,0,0
"646","Mining","20-24","Female","2017",9,1,0
"647","Mining","20-24","Female","2018",8,0,0
"648","Mining","20-24","Female","2019",8,1,0
"649","Mining","25-29","Male","2011",175,40,2
"650","Mining","25-29","Male","2012",181,23,1
"651","Mining","25-29","Male","2013",168,22,0
"652","Mining","25-29","Male","2014",122,13,0
"653","Mining","25-29","Male","2015",128,13,0
"654","Mining","25-29","Male","2016",112,13,0
"655","Mining","25-29","Male","2017",127,21,0
"656","Mining","25-29","Male","2018",138,19,0
"657","Mining","25-29","Male","2019",131,22,0
"658","Mining","30-34","Male","2011",169,43,0
"659","Mining","30-34","Male","2012",181,35,1
"660","Mining","30-34","Male","2013",151,21,0
"661","Mining","30-34","Male","2014",128,24,1
"662","Mining","30-34","Male","2015",137,16,0
"663","Mining","30-34","Male","2016",131,30,0
"664","Mining","30-34","Male","2017",124,25,1
"665","Mining","30-34","Male","2018",123,20,0
"666","Mining","30-34","Male","2019",133,15,0
"667","Mining","35-39","Male","2011",168,40,2
"668","Mining","35-39","Male","2012",154,32,0
"669","Mining","35-39","Male","2013",152,25,1
"670","Mining","35-39","Male","2014",142,13,1
"671","Mining","35-39","Male","2015",108,24,0
"672","Mining","35-39","Male","2016",112,21,0
"673","Mining","35-39","Male","2017",114,28,0
"674","Mining","35-39","Male","2018",110,22,0
"675","Mining","35-39","Male","2019",134,31,0
"676","Mining","45-49","Male","2011",167,45,0
"677","Mining","45-49","Male","2012",150,30,1
"678","Mining","45-49","Male","2013",141,35,0
"679","Mining","45-49","Male","2014",96,27,1
"680","Mining","45-49","Male","2015",87,20,1
"681","Mining","45-49","Male","2016",88,17,0
"682","Mining","45-49","Male","2017",96,25,0
"683","Mining","45-49","Male","2018",108,20,0
"684","Mining","45-49","Male","2019",113,18,0
"685","Mining","50-54","Male","2011",154,35,0
"686","Mining","50-54","Male","2012",152,28,0
"687","Mining","50-54","Male","2013",146,33,0
"688","Mining","50-54","Male","2014",135,24,0
"689","Mining","50-54","Male","2015",138,28,2
"690","Mining","50-54","Male","2016",101,23,0
"691","Mining","50-54","Male","2017",115,26,0
"692","Mining","50-54","Male","2018",118,12,0
"693","Mining","50-54","Male","2019",86,26,0
"694","Mining","55-59","Male","2011",105,20,1
"695","Mining","55-59","Male","2012",107,28,0
"696","Mining","55-59","Male","2013",125,26,1
"697","Mining","55-59","Male","2014",104,17,0
"698","Mining","55-59","Male","2015",111,18,0
"699","Mining","55-59","Male","2016",110,20,0
"700","Mining","55-59","Male","2017",120,21,1
"701","Mining","55-59","Male","2018",108,18,0
"702","Mining","55-59","Male","2019",113,29,0
"703","Mining","60-64","Male","2011",69,8,1
"704","Mining","60-64","Male","2012",74,10,0
"705","Mining","60-64","Male","2013",70,11,0
"706","Mining","60-64","Male","2014",58,15,0
"707","Mining","60-64","Male","2015",58,9,0
"708","Mining","60-64","Male","2016",81,10,0
"709","Mining","60-64","Male","2017",87,9,0
"710","Mining","60-64","Male","2018",95,10,0
"711","Mining","60-64","Male","2019",81,14,0
"712","Municipal","30-34","Female","2011",34,11,0
"713","Municipal","30-34","Female","2012",19,10,0
"714","Municipal","30-34","Female","2013",26,14,0
"715","Municipal","30-34","Female","2014",38,6,0
"716","Municipal","30-34","Female","2015",38,21,0
"717","Municipal","30-34","Female","2016",28,14,1
"718","Municipal","30-34","Female","2017",36,18,0
"719","Municipal","30-34","Female","2018",35,17,0
"720","Municipal","30-34","Female","2019",43,21,0
"721","Municipal","30-34","Male","2011",106,45,1
"722","Municipal","30-34","Male","2012",97,34,0
"723","Municipal","30-34","Male","2013",79,45,0
"724","Municipal","30-34","Male","2014",83,50,0
"725","Municipal","30-34","Male","2015",85,41,0
"726","Municipal","30-34","Male","2016",89,36,0
"727","Municipal","30-34","Male","2017",87,47,0
"728","Municipal","30-34","Male","2018",92,44,0
"729","Municipal","30-34","Male","2019",123,49,0
"730","Municipal","55-59","Male","2011",99,50,1
"731","Municipal","55-59","Male","2012",76,44,0
"732","Municipal","55-59","Male","2013",93,60,0
"733","Municipal","55-59","Male","2014",76,50,0
"734","Municipal","55-59","Male","2015",94,41,1
"735","Municipal","55-59","Male","2016",77,50,0
"736","Municipal","55-59","Male","2017",96,43,0
"737","Municipal","55-59","Male","2018",97,59,0
"738","Municipal","55-59","Male","2019",94,58,0
"739","Primary Metals","20-24","Male","2011",61,13,0
"740","Primary Metals","20-24","Male","2012",69,11,0
"741","Primary Metals","20-24","Male","2013",58,13,0
"742","Primary Metals","20-24","Male","2014",71,14,0
"743","Primary Metals","20-24","Male","2015",68,8,1
"744","Primary Metals","20-24","Male","2016",61,5,0
"745","Primary Metals","20-24","Male","2017",66,12,0
"746","Primary Metals","20-24","Male","2018",108,20,0
"747","Primary Metals","20-24","Male","2019",92,17,0
"748","Primary Metals","35-39","Male","2011",184,29,0
"749","Primary Metals","35-39","Male","2012",154,29,0
"750","Primary Metals","35-39","Male","2013",124,13,0
"751","Primary Metals","35-39","Male","2014",156,25,1
"752","Primary Metals","35-39","Male","2015",121,11,0
"753","Primary Metals","35-39","Male","2016",116,21,0
"754","Primary Metals","35-39","Male","2017",137,25,0
"755","Primary Metals","35-39","Male","2018",148,35,0
"756","Primary Metals","35-39","Male","2019",151,24,0
"757","Pulp & Paper","25-29","Male","2011",30,7,1
"758","Pulp & Paper","25-29","Male","2012",16,2,0
"759","Pulp & Paper","25-29","Male","2013",23,6,0
"760","Pulp & Paper","25-29","Male","2014",31,8,0
"761","Pulp & Paper","25-29","Male","2015",26,6,0
"762","Pulp & Paper","25-29","Male","2016",33,3,0
"763","Pulp & Paper","25-29","Male","2017",26,6,0
"764","Pulp & Paper","25-29","Male","2018",37,8,0
"765","Pulp & Paper","25-29","Male","2019",34,9,0
"766","Pulp & Paper","55-59","Male","2011",68,13,0
"767","Pulp & Paper","55-59","Male","2012",76,12,0
"768","Pulp & Paper","55-59","Male","2013",60,9,0
"769","Pulp & Paper","55-59","Male","2014",54,11,0
"770","Pulp & Paper","55-59","Male","2015",69,12,0
"771","Pulp & Paper","55-59","Male","2016",74,14,1
"772","Pulp & Paper","55-59","Male","2017",51,11,0
"773","Pulp & Paper","55-59","Male","2018",54,19,0
"774","Pulp & Paper","55-59","Male","2019",45,9,0
"775","Services","15-19","Male","2011",1715,507,0
"776","Services","15-19","Male","2012",1722,499,1
"777","Services","15-19","Male","2013",1587,501,0
"778","Services","15-19","Male","2014",1694,496,0
"779","Services","15-19","Male","2015",1692,553,0
"780","Services","15-19","Male","2016",1704,607,0
"781","Services","15-19","Male","2017",1739,692,0
"782","Services","15-19","Male","2018",1778,708,0
"783","Services","15-19","Male","2019",1762,695,0
"784","Services","20-24","Female","2011",1752,779,0
"785","Services","20-24","Female","2012",1860,794,0
"786","Services","20-24","Female","2013",1982,841,0
"787","Services","20-24","Female","2014",2045,873,0
"788","Services","20-24","Female","2015",2005,874,0
"789","Services","20-24","Female","2016",2234,1049,1
"790","Services","20-24","Female","2017",2190,1114,0
"791","Services","20-24","Female","2018",2193,1221,0
"792","Services","20-24","Female","2019",2154,1221,0
"793","Services","20-24","Male","2011",3026,1093,0
"794","Services","20-24","Male","2012",3109,1177,1
"795","Services","20-24","Male","2013",3050,1116,1
"796","Services","20-24","Male","2014",3131,1013,0
"797","Services","20-24","Male","2015",3141,1087,1
"798","Services","20-24","Male","2016",2997,1266,0
"799","Services","20-24","Male","2017",3239,1298,0
"800","Services","20-24","Male","2018",3210,1475,0
"801","Services","20-24","Male","2019",3179,1474,0
"802","Services","25-29","Male","2011",2170,957,0
"803","Services","25-29","Male","2012",2178,935,0
"804","Services","25-29","Male","2013",2192,903,2
"805","Services","25-29","Male","2014",2266,918,1
"806","Services","25-29","Male","2015",2119,924,0
"807","Services","25-29","Male","2016",2217,1003,0
"808","Services","25-29","Male","2017",2393,1057,0
"809","Services","25-29","Male","2018",2347,1222,1
"810","Services","25-29","Male","2019",2402,1145,0
"811","Services","30-34","Male","2011",1662,788,0
"812","Services","30-34","Male","2012",1506,782,0
"813","Services","30-34","Male","2013",1606,773,1
"814","Services","30-34","Male","2014",1610,754,1
"815","Services","30-34","Male","2015",1694,674,0
"816","Services","30-34","Male","2016",1566,781,0
"817","Services","30-34","Male","2017",1749,818,0
"818","Services","30-34","Male","2018",1705,909,3
"819","Services","30-34","Male","2019",1735,868,0
"820","Services","35-39","Female","2011",1015,581,0
"821","Services","35-39","Female","2012",928,520,1
"822","Services","35-39","Female","2013",929,464,0
"823","Services","35-39","Female","2014",903,424,1
"824","Services","35-39","Female","2015",942,431,0
"825","Services","35-39","Female","2016",899,518,0
"826","Services","35-39","Female","2017",939,536,0
"827","Services","35-39","Female","2018",954,541,0
"828","Services","35-39","Female","2019",990,509,0
"829","Services","35-39","Male","2011",1438,730,1
"830","Services","35-39","Male","2012",1381,710,0
"831","Services","35-39","Male","2013",1365,702,0
"832","Services","35-39","Male","2014",1353,630,0
"833","Services","35-39","Male","2015",1318,594,1
"834","Services","35-39","Male","2016",1354,649,1
"835","Services","35-39","Male","2017",1334,686,0
"836","Services","35-39","Male","2018",1389,742,0
"837","Services","35-39","Male","2019",1428,743,0
"838","Services","40-44","Male","2011",1273,721,0
"839","Services","40-44","Male","2012",1278,656,1
"840","Services","40-44","Male","2013",1333,699,0
"841","Services","40-44","Male","2014",1313,597,1
"842","Services","40-44","Male","2015",1260,563,0
"843","Services","40-44","Male","2016",1142,629,0
"844","Services","40-44","Male","2017",1166,618,1
"845","Services","40-44","Male","2018",1184,621,0
"846","Services","40-44","Male","2019",1214,686,1
"847","Services","45-49","Female","2011",1484,804,1
"848","Services","45-49","Female","2012",1332,733,0
"849","Services","45-49","Female","2013",1240,673,0
"850","Services","45-49","Female","2014",1194,629,0
"851","Services","45-49","Female","2015",1154,569,1
"852","Services","45-49","Female","2016",1105,623,0
"853","Services","45-49","Female","2017",1157,619,0
"854","Services","45-49","Female","2018",1192,659,0
"855","Services","45-49","Female","2019",1108,638,0
"856","Services","45-49","Male","2011",1320,740,2
"857","Services","45-49","Male","2012",1278,759,1
"858","Services","45-49","Male","2013",1218,679,0
"859","Services","45-49","Male","2014",1180,604,1
"860","Services","45-49","Male","2015",1150,609,0
"861","Services","45-49","Male","2016",1126,606,2
"862","Services","45-49","Male","2017",1096,649,1
"863","Services","45-49","Male","2018",1125,666,0
"864","Services","45-49","Male","2019",1144,650,0
"865","Services","50-54","Female","2011",1357,828,1
"866","Services","50-54","Female","2012",1265,758,0
"867","Services","50-54","Female","2013",1365,723,0
"868","Services","50-54","Female","2014",1265,725,0
"869","Services","50-54","Female","2015",1343,718,0
"870","Services","50-54","Female","2016",1249,739,0
"871","Services","50-54","Female","2017",1355,807,1
"872","Services","50-54","Female","2018",1266,825,0
"873","Services","50-54","Female","2019",1213,758,1
"874","Services","50-54","Male","2011",1115,682,0
"875","Services","50-54","Male","2012",1207,666,1
"876","Services","50-54","Male","2013",1166,655,0
"877","Services","50-54","Male","2014",1241,649,1
"878","Services","50-54","Male","2015",1195,627,1
"879","Services","50-54","Male","2016",1127,709,0
"880","Services","50-54","Male","2017",1171,660,0
"881","Services","50-54","Male","2018",1124,700,3
"882","Services","50-54","Male","2019",1121,645,2
"883","Services","55-59","Female","2011",908,585,1
"884","Services","55-59","Female","2012",974,565,0
"885","Services","55-59","Female","2013",1004,532,1
"886","Services","55-59","Female","2014",1044,544,0
"887","Services","55-59","Female","2015",1013,555,0
"888","Services","55-59","Female","2016",1124,652,0
"889","Services","55-59","Female","2017",1189,651,0
"890","Services","55-59","Female","2018",1237,748,0
"891","Services","55-59","Female","2019",1246,755,0
"892","Services","55-59","Male","2011",765,505,2
"893","Services","55-59","Male","2012",845,501,0
"894","Services","55-59","Male","2013",900,512,3
"895","Services","55-59","Male","2014",909,569,0
"896","Services","55-59","Male","2015",973,510,0
"897","Services","55-59","Male","2016",1011,568,1
"898","Services","55-59","Male","2017",969,588,1
"899","Services","55-59","Male","2018",1103,686,0
"900","Services","55-59","Male","2019",1156,695,2
"901","Services","60-64","Male","2011",494,333,1
"902","Services","60-64","Male","2012",522,303,0
"903","Services","60-64","Male","2013",573,333,1
"904","Services","60-64","Male","2014",563,326,0
"905","Services","60-64","Male","2015",619,295,1
"906","Services","60-64","Male","2016",595,421,0
"907","Services","60-64","Male","2017",726,403,0
"908","Services","60-64","Male","2018",742,465,0
"909","Services","60-64","Male","2019",818,484,1
"910","Services","65+","Male","2011",284,144,2
"911","Services","65+","Male","2012",325,145,0
"912","Services","65+","Male","2013",353,167,0
"913","Services","65+","Male","2014",382,203,0
"914","Services","65+","Male","2015",410,210,0
"915","Services","65+","Male","2016",429,198,2
"916","Services","65+","Male","2017",460,243,2
"917","Services","65+","Male","2018",564,264,0
"918","Services","65+","Male","2019",548,307,0
"919","Transportation","20-24","Male","2011",780,308,1
"920","Transportation","20-24","Male","2012",824,315,1
"921","Transportation","20-24","Male","2013",852,307,1
"922","Transportation","20-24","Male","2014",843,275,2
"923","Transportation","20-24","Male","2015",853,243,1
"924","Transportation","20-24","Male","2016",822,281,0
"925","Transportation","20-24","Male","2017",814,353,0
"926","Transportation","20-24","Male","2018",943,389,0
"927","Transportation","20-24","Male","2019",905,358,1
"928","Transportation","25-29","Female","2011",142,68,1
"929","Transportation","25-29","Female","2012",131,71,0
"930","Transportation","25-29","Female","2013",159,72,0
"931","Transportation","25-29","Female","2014",124,80,0
"932","Transportation","25-29","Female","2015",148,64,0
"933","Transportation","25-29","Female","2016",115,80,0
"934","Transportation","25-29","Female","2017",128,99,0
"935","Transportation","25-29","Female","2018",174,96,0
"936","Transportation","25-29","Female","2019",162,123,0
"937","Transportation","25-29","Male","2011",814,363,0
"938","Transportation","25-29","Male","2012",872,385,0
"939","Transportation","25-29","Male","2013",870,348,2
"940","Transportation","25-29","Male","2014",880,375,2
"941","Transportation","25-29","Male","2015",802,328,1
"942","Transportation","25-29","Male","2016",783,339,1
"943","Transportation","25-29","Male","2017",811,374,0
"944","Transportation","25-29","Male","2018",824,423,2
"945","Transportation","25-29","Male","2019",917,391,0
"946","Transportation","30-34","Female","2011",159,85,0
"947","Transportation","30-34","Female","2012",134,80,0
"948","Transportation","30-34","Female","2013",117,88,0
"949","Transportation","30-34","Female","2014",143,86,0
"950","Transportation","30-34","Female","2015",149,58,0
"951","Transportation","30-34","Female","2016",153,80,0
"952","Transportation","30-34","Female","2017",151,98,1
"953","Transportation","30-34","Female","2018",177,100,1
"954","Transportation","30-34","Female","2019",155,98,0
"955","Transportation","30-34","Male","2011",800,384,2
"956","Transportation","30-34","Male","2012",773,373,0
"957","Transportation","30-34","Male","2013",794,355,4
"958","Transportation","30-34","Male","2014",789,364,1
"959","Transportation","30-34","Male","2015",809,324,1
"960","Transportation","30-34","Male","2016",772,357,0
"961","Transportation","30-34","Male","2017",772,360,1
"962","Transportation","30-34","Male","2018",777,384,1
"963","Transportation","30-34","Male","2019",819,402,2
"964","Transportation","35-39","Female","2011",141,96,0
"965","Transportation","35-39","Female","2012",151,78,2
"966","Transportation","35-39","Female","2013",164,95,0
"967","Transportation","35-39","Female","2014",158,90,0
"968","Transportation","35-39","Female","2015",145,88,0
"969","Transportation","35-39","Female","2016",146,107,0
"970","Transportation","35-39","Female","2017",159,97,1
"971","Transportation","35-39","Female","2018",166,113,0
"972","Transportation","35-39","Female","2019",175,100,0
"973","Transportation","35-39","Male","2011",787,473,3
"974","Transportation","35-39","Male","2012",788,441,0
"975","Transportation","35-39","Male","2013",891,384,3
"976","Transportation","35-39","Male","2014",830,379,0
"977","Transportation","35-39","Male","2015",701,307,0
"978","Transportation","35-39","Male","2016",724,338,1
"979","Transportation","35-39","Male","2017",756,350,3
"980","Transportation","35-39","Male","2018",698,419,0
"981","Transportation","35-39","Male","2019",716,388,1
"982","Transportation","40-44","Male","2011",810,527,1
"983","Transportation","40-44","Male","2012",821,462,1
"984","Transportation","40-44","Male","2013",813,417,5
"985","Transportation","40-44","Male","2014",825,412,2
"986","Transportation","40-44","Male","2015",737,381,2
"987","Transportation","40-44","Male","2016",760,425,2
"988","Transportation","40-44","Male","2017",715,379,2
"989","Transportation","40-44","Male","2018",749,366,2
"990","Transportation","40-44","Male","2019",737,428,1
"991","Transportation","45-49","Male","2011",903,577,2
"992","Transportation","45-49","Male","2012",838,584,1
"993","Transportation","45-49","Male","2013",879,536,3
"994","Transportation","45-49","Male","2014",833,464,2
"995","Transportation","45-49","Male","2015",828,425,3
"996","Transportation","45-49","Male","2016",722,449,2
"997","Transportation","45-49","Male","2017",797,437,2
"998","Transportation","45-49","Male","2018",781,468,2
"999","Transportation","45-49","Male","2019",776,451,1
"1000","Transportation","50-54","Male","2011",830,533,0
"1001","Transportation","50-54","Male","2012",787,527,1
"1002","Transportation","50-54","Male","2013",858,526,2
"1003","Transportation","50-54","Male","2014",959,590,3
"1004","Transportation","50-54","Male","2015",828,484,2
"1005","Transportation","50-54","Male","2016",880,505,0
"1006","Transportation","50-54","Male","2017",781,504,2
"1007","Transportation","50-54","Male","2018",790,523,3
"1008","Transportation","50-54","Male","2019",800,471,0
"1009","Transportation","55-59","Male","2011",579,423,0
"1010","Transportation","55-59","Male","2012",593,411,2
"1011","Transportation","55-59","Male","2013",738,450,0
"1012","Transportation","55-59","Male","2014",729,464,3
"1013","Transportation","55-59","Male","2015",702,429,0
"1014","Transportation","55-59","Male","2016",707,495,1
"1015","Transportation","55-59","Male","2017",771,454,2
"1016","Transportation","55-59","Male","2018",860,511,2
"1017","Transportation","55-59","Male","2019",805,542,0
"1018","Transportation","60-64","Male","2011",366,278,0
"1019","Transportation","60-64","Male","2012",373,268,2
"1020","Transportation","60-64","Male","2013",418,286,1
"1021","Transportation","60-64","Male","2014",471,318,2
"1022","Transportation","60-64","Male","2015",411,285,0
"1023","Transportation","60-64","Male","2016",465,313,3
"1024","Transportation","60-64","Male","2017",484,313,0
"1025","Transportation","60-64","Male","2018",596,382,4
"1026","Transportation","60-64","Male","2019",563,412,2
"1027","Transportation","65+","Female","2011",13,14,0
"1028","Transportation","65+","Female","2012",18,8,0
"1029","Transportation","65+","Female","2013",27,19,0
"1030","Transportation","65+","Female","2014",34,18,0
"1031","Transportation","65+","Female","2015",27,20,0
"1032","Transportation","65+","Female","2016",37,21,0
"1033","Transportation","65+","Female","2017",36,28,1
"1034","Transportation","65+","Female","2018",44,33,0
"1035","Transportation","65+","Female","2019",49,35,0
"1036","Transportation","65+","Male","2011",185,95,0
"1037","Transportation","65+","Male","2012",215,98,1
"1038","Transportation","65+","Male","2013",228,136,1
"1039","Transportation","65+","Male","2014",277,134,0
"1040","Transportation","65+","Male","2015",296,122,1
"1041","Transportation","65+","Male","2016",328,160,2
"1042","Transportation","65+","Male","2017",381,160,2
"1043","Transportation","65+","Male","2018",405,182,1
"1044","Transportation","65+","Male","2019",419,233,1
